Bulgarian,English
огъня,fire
заплаха,threat
изчезвай,disappear
чудех,I wondered
спешно,urgent
търсите,you are looking for
справим,manifest
принц,prince
роден,native
тръгнем,go
аби,Abby
странен,strange
мляко,milk
ван,van
луната,moon
спомняш,remember
готино,cool
разследване,investigation
покаже,show
картата,map
картър,carter
обадих,I called
щяха,they would
виновна,guilty
лодката,boat
съд,court
животно,animal
рим,rome
чудесен,wonderful
магия,magic
тяхната,their
учи,taught
времена,time
мирише,smells
исус,Jesus
големия,the big
влезеш,in
сватба,wedding
век,century
офис,office
проверим,check
ресторант,restaurant
пазя,keep up
обичаше,loved
подобни,similar
лейди,Lady
тед,ted
невинен,innocent
черен,black
отишъл,gone
съдия,judge
джеси,Jessie
свърша,end
програма,program
странни,strange
европа,Europe
ел,el
гимназията,high school
поле,field
лари,larry
втората,the second
стария,old
гласа,voice
контакт,contact
откога,since when
твърди,hard
тебе,you
плаща,pay
грешно,wrong
откажа,refuse
пристигна,arrived
убих,I killed
двата,the two
познаваме,know
тайната,secret
по-голям,larger
пиене,drinking
върши,do
надяваме,hopefully
смееш,dare
месеци,months
шум,noise
оо,oo
доволен,pleased
стотици,hundreds
мрази,hating
доктора,doctor
втора,second
същество,creature
чувала,sack
призная,admit
загуба,loss
адреса,address
ключ,key
свързани,connected
чиста,clean
победи,beat
крак,leg
виждат,they see
дена,den
код,code
изгубих,I lost
даваш,you give
болна,ill
истории,stories
ед,ED
точки,dots
божичко,god
далече,far
неделя,Sunday
остров,Island
минало,past
отгоре,on top
писна,laughing
намерили,did you find
цвят,color
малките,the little ones
съгласна,agree
продължа,continue
цру,CIA
заета,occupied
държим,hold
ал,al
клиенти,clients
красиви,beautiful
желая,desire
губи,loses
цяло,whole
превърна,turned
отиват,they go
действа,act
доброто,the good
сядай,sit down
нийл,Neil
дотук,so far
доколкото,as far as
ход,move
злато,gold
нужна,necessary
минава,passes
проработи,work out
отначало,at first
умирам,die
започнеш,start
али,ali
по-голяма,greater
лодка,boat
унищожи,destroyed
лъжи,lies
легло,bed
давайте,give
ключа,key
джени,Jenny
процес,process
включително,including
програмата,program
попитах,I asked
вяра,faith
мексико,Mexico
фил,phil
срещи,meetings
хванете,grasp
факта,the fact
горещо,hot
върнал,back
м,m
тишина,silence
служба,service
езика,tongue
добрите,the good
стив,steve
командир,commander
задача,task
колеж,college
б,b
показа,showed
оправим,correct
обещах,promised
рак,crab
опитваме,we try
пациент,patient
съвпадение,matching
разследването,investigation
новите,the new
влака,train
опитват,try
полет,flight
видео,video
обърни,turn
срам,shame
бутилка,bottle
случилото,what has happened
обувките,shoes
дейв,dave
липсваше,was missing
спомени,memories
свързано,associated
качи,upload
променят,change
кели,Kelly
разкажа,tell
носят,carry
вика,shout
джин,gin
пълни,complete
радост,joy
извади,out
грешки,mistakes
нужен,necessary
изчезнал,gone
роуз,Rose
близки,close
мач,match
помагам,help
кралица,queen
зъби,teeth
стреля,shoot
резултат,score
ханк,hank
катастрофа,crash
обяснение,explanation
роди,gather
алкохол,alcohol
кралят,king
по-зле,worse
багажа,luggage
тейлър,taylor
джош,josh
чък,chuck
уикенд,weekend
ядосана,angry
покрай,past
старите,the old
какъвто,whatever
задържа,holds
съмнение,doubt
наричаш,you call
войник,soldier
обичаме,we love
уча,study
съобщението,message
гари,gary
лед,ice
дийн,Dean
понеделник,monday
север,north
кучета,dogs
дa,da
отпред,front
топка,ball
наскоро,recently
резултатите,results
лос,Moose
теория,theory
свободно,freely
мин,min
договор,contract
компютъра,computer
настроение,mood
пътуването,journey
работил,worked
пие,pee
елизабет,Elizabeth
действие,action
вкусно,tasty
открили,discovered
трети,third
чухте,I heard you
успея,succeed
сто,hundred
враг,enemy
осъзнах,I realized
църква,church
другият,the other
отворете,open
база,base
филми,movies
професор,professor
богат,rich
целувка,kiss
човешки,human
повтарям,repeat
смятате,consider
плажа,beach
казали,told
самият,itself
самата,itself
готин,cool
жертвите,victims
стил,style
намирам,find
проблемите,the problems
излъга,lied
проверих,I checked
лорд,lord
взимам,take
сещаш,settle
патрик,patrick
обичах,I loved
простете,forgive
свободни,vacant
скорост,speed
зона,zone
спира,stops
пием,we drink
сладки,cute
правили,they did
уилям,William
помолих,I asked
изключение,exception
лекарства,drugs
освободи,released
имената,names
съжаляваш,sorry
индия,india
плюс,plus
разстояние,distance
умират,die
съгласи,agreed
свой,their
кутията,the box
вървиш,you walk
алис,Alice
направихте,you did
проклятие,curse
предполага,supposedly
говорил,talked
новото,new
ъгъла,corner
тръгва,goes
падне,fall
лео,Leo
специална,special
очакваш,you expect
видели,seen
свидетели,witness
изгуби,lost
проект,project
спасиш,save
мозък,brain
внимавайте,take care
арестуван,arrested
брака,marriage
спасим,saving
филип,philip
успяхме,we succeeded
провали,failed
разбрахте,I understand you
невероятна,incredible
замяна,replacement
изчакайте,wait
годината,the year
помните,remember
чикаго,Chicago
всякакви,any
приятна,pleasant
червено,Red
обществото,society
дявол,Devil
закарам,take away
дължа,owe
използвай,use
кариерата,career
природата,nature
поздрави,greetings
проклет,damn
насилие,violence
победа,victory
крадец,thief
рождения,birthdays
излизаш,you go out
алисън,Alison
джаксън,Jackson
разликата,the difference
миг,blink
док,dock
свети,shines
плащам,pay
отворя,open
направиха,they did
мисълта,thought
напусне,quit
дадете,give
продължение,sequel
адрес,address
сладка,cute
гордея,pride
помогнат,help
обадете,call
продължаваме,continue
селото,village
наши,ours
раян,rayan
своето,their
загубя,lose
предложа,offer
курва,whore
собствената,one's own
отговорен,responsible
парка,park
чарлз,Charles
справяш,deal
негов,his
страхотни,amazing
важни,important
велик,great
беда,trouble
биеш,beat
лъжец,liar
кафето,coffee
чета,read
вдигна,picked up
отвратително,disgusting
заповеди,orders
губиш,lose
чувате,you hear
робин,Robin
исусе,Jesus
борба,struggle
най-после,at last
уверя,assure
слуша,listening to
стоят,stand
настрана,aside
платиш,pay
ядене,meal
продава,sell
урок,lesson
игри,Games
саймън,Simon
съвета,The Council
момиченце,girl
сериозна,serious
непрекъснато,continuously
оставям,leave
отказа,declined
тримата,the three
познай,guess
заподозрян,suspect
тим,team
тръгнал,gone
заема,loan
крайна,final
свободата,freedom
опасен,hazardous
чаках,I was waiting for
неговият,his
убием,kill
района,area
картина,picture
получил,received
големите,large
бели,white
умрем,die
кучко,bitch
лагер,camp
камиона,truck
убили,killed
пропусна,miss
американски,American
вярвате,you believe
копие,copy
каквато,the
ла,la
калифорния,California
махнем,remove
останалото,the rest
счупи,broke
влезте,sign in
вегас,vegas
пръстен,ring
хан,khan
сложно,complicated
рос,ross
чуем,hear
благодарим,thank you
изправи,straightened
сложим,pound
нормален,normal
мечта,dream
убити,killed
банка,bank
дойдоха,came
запомни,remember
газ,gas
отношение,attitude
маги,Maggie
открие,discover
хартия,paper
обожавам,adore
най-важното,the most important
възможности,opportunities
вярват,they believe
агенти,agents
запази,retain
китай,China
принадлежи,belong
най-малко,least
автобуса,the bus
р,p
повярва,believed
рая,raya
местата,places
нарече,named
способен,capable
представям,present
приготви,prepared
ставаш,get up
полицаи,policemen
черна,black
продължаваш,you continue
уста,mouth
братовчед,cousin
спечеля,gain
зъбите,the teeth
to,to
същества,beings
поискаш,you ask
паметта,memory
покажеш,show
джоуи,Joey
прикритие,cover
решил,decided
компютър,computer
тръгвайте,leave
хлапето,kid
e,e
and,and
писмото,the letter
африка,Africa
грег,Greg
никак,noble
самия,itself
заведе,brought
германия,Germany
избра,chose
ники,Nicky
съдията,judge
смит,smith
куршум,bullet
плащат,pay
практика,practice
мишел,michelle
отпечатъци,fingerprints
пример,example
идваме,we are coming
банда,gang
свържа,connect
запозная,familiarize
уоу,Wow
откриеш,you find
най-вероятно,most likely
мм,mm
луди,crazy
моменти,moments
обърна,turned
изглеждате,you look
откраднал,stole
умрат,die
ребека,Rebecca
парчета,pieces
убила,killed
започват,begin
преследва,pursuing
карат,drive
мислил,mean
аманда,Amanda
станат,become
приеме,accept
приказки,tales
взела,taken
телефонът,the phone
късметлия,lucky
яйца,eggs
свършва,end
огромен,huge
забавен,funny
зак,zac
следите,track
собствен,own
университета,university
силни,loud
елена,Helen
създаде,created
нейтън,Nathan
ядем,eat
незнам,I do not know
куп,bunch
моментът,mental
тревожа,worry
използвал,used
планината,the mountain
мак,mac
невероятен,incredible
криеш,hide
наема,hires
вършиш,you do
роля,role
шапка,hat
махайте,remove
звезди,stars
вървят,are going
трева,grass
записа,record
глад,hunger
водя,lead
загубил,lost
амин,amine
дойдохме,We have come
песента,the song
гръб,back
сок,juice
мача,match
клиентите,customers
вярваме,believe
президентът,president
взели,did you take
привет,hello
добрата,good
бабо,grandmother
черно,black
печели,win
доклад,report
звездите,stars
поведение,behavior
нейното,her
битката,battle
умно,cleverly
воля,will
изчезне,disappearing
звук,sound
обикновен,ordinary
правило,rule
джулия,Julia
върша,do
нуждаеш,need
умна,clever
открил,discovered
убеден,convinced
джаки,Jackie
изток,east
четеш,read
ставам,get up
взима,takes
камери,cameras
успееш,succeed
врагове,enemies
смяна,shift
пишеш,write
притесняваш,worry
директно,directly
котка,cat
висок,high
часът,the hour
престъпник,criminal
пресата,press
лети,fly
гледайте,watch
гений,genius
отивате,you go
пръст,finger
су,suless
грешиш,you are wrong
извиня,excuses
притежава,possessed
успокойте,calm down
брега,shore
гърлото,throat
тери,terry
езерото,lake
погрешно,wrong
изненадан,surprised
инспектор,inspector
дъното,bottom
гледате,watch
взимаш,you take
топло,warm
смятат,they consider
отдела,department
курс,course
тъжно,sad
запис,record
село,village
погребението,funeral
връщай,return
важното,the important
нейните,her
слънце,sun
гори,forests
брайън,brian
нараня,hurt
острова,island
майор,major
купон,coupon
лукас,lucas
ева,eva
мъртвите,the dead
обратното,opposite
глупост,stupidity
твои,yours
спрат,stop
пица,pizza
сидни,Sydney
показват,indicate
довери,trusted
окото,eye
тъмно,dark
по-точно,more precisely
ченгета,cops
дела,deeds
стреляй,shoot
радиото,radio
камион,truck
бия,flap
гладна,hungry
браун,Brown
останат,remain
едната,one
разговора,the conversation
повтори,repeat
бивш,former
болест,illness
получим,obtain
ъ-ъ,uh
сцена,scene
любимата,favorite
премести,relocated
излизай,go out
масло,butter
ожени,marry
продължавам,continue
it,IT
плаши,scares
морган,morgan
помагаш,help
убиха,they killed
побързайте,hurry
кожа,leather
доклада,report
главен,chief
качвай,upload
играят,they play
собствените,one's own
следващото,next
ангел,angel
избягал,escaped
почувствах,I felt
отмъщение,revenge
работеше,worked
възможността,the opportunity
ресторанта,restaurant
усмивка,smile
милост,mercy
чудно,wonderful
убита,murdered
спалнята,the bedroom
изисква,requires
престанете,cease
ужасни,terrible
отговорът,the answer
караме,makes me
уморен,tired
връщаш,you return
рики,ricky
желаете,desire
напиша,write
джъстин,Justin
джи,di
местопрестъплението,crime scene
сваля,remove
продължавайте,continue
ди,di
джули,Julie
джоунс,Jones
написал,wrote
намерение,intention
губя,lose
сирене,cheese
период,period
телевизия,television
измама,fraud
различна,different
внезапно,suddenly
влак,train
тоалетна,toilet
паркър,parker
бомбата,bomb
пазете,keep
закон,law
самоубийство,suicide
лагера,bearing
капитана,captain
дъщерята,daughter
фред,Fred
случаят,the case
франки,Frankie
омъжи,marry
зло,evil
пазиш,keep
спечелиш,win
обяснява,explains
билет,ticket
убиват,kill
седя,sit
тъпо,dull
буквално,literally
страхуваш,afraid
красота,beauty
прекарах,I spent
стена,wall
градуса,degrees
отворена,open
мразиш,you hate
забравиш,forget
бележка,note
подай,submit
братята,siblings
купиш,you buy
позволим,allow
чува,heard
измъкне,out
приятелки,girlfriends
буря,storm
искаха,they wanted
истинското,the real
страница,page
лиса,lissa
решихме,We decided
роби,slaves
ляво,left
загубиш,lose
живеете,live
сладолед,ice cream
гол,goal
кръг,circle
улиците,the streets
плановете,the plans
смях,laugh
принцеса,princess
получавам,get
случвало,happened
режисьор,director
трите,the three
кино,cinema
хауърд,Howard
райли,riley
забелязах,I noticed
машината,machine
прокурор,prosecutor
докажа,prove
рядко,rarely
во,to
минем,pass
шериф,sheriff
признавам,admit
дрога,drog
оня,come
френски,French
губим,lose
кошмар,nightmare
дерек,derek
звъни,rings
фен,fan
запад,west
г.,D.
откажеш,refuse
постави,put
действаме,we act
неудобно,uncomfortable
квартал,neighborhood
юг,south
бети,Betty
странна,strange
височество,highness
седи,sitting
отвъд,beyond
денис,Dennis
степен,degree
самото,the very
клеър,clare
духа,spirit
най-голямата,the largest
приключих,I have finished
започнал,started
спомня,remembers
нужни,necessary
бори,fighter
подкрепа,support
успее,succeed
полунощ,midnight
стани,become
минаха,passed
правото,right
фирма,company
рой,Roy
съобщения,messages
завърши,complete
конър,Connor
решения,solutions
писма,letters
рик,rick
убийци,killers
изстрел,shot
тайно,secretly
пуснеш,you release
втория,the second
роджър,Roger
дейвис,Davis
отнема,take away
лошите,bad
погледнеш,look at
личен,personal
позная,recognize
генерале,General
тъп,dull
проверка,verification
залата,hall
продаде,sell
миличък,milky
труден,hard
собствена,own
чисти,pure
прибере,retrograde
собственост,property
позволете,allow
желанието,desire
искахме,we wanted
омъжена,married
висока,high
кейти,Katie
факт,fact
свършено,done
прибереш,pick up
бият,beat
куин,Quinn
обещай,promise
правете,do
изключи,off
бърза,fast
стълбите,the stairs
по-добри,better
досието,dossier
станах,I have become
мини,mini
роб,slave
сюзън,Susan
наем,rent
напуснеш,quit
трупа,corpse
ъъ,uh
занимавам,deal
гост,guest
хмм,hmm
състезание,race
яж,eat
отвътре,inside
райън,ryan
глупави,stupid
пригответе,prepare
мазето,basement
скъпо,expensive
защити,protect
отведе,leaned
телата,the bodies
дилън,Dylan
марта,Martha
шампанско,champagne
вали,raining
прибирам,put up
злото,evil
мечтите,dreams
познат,familiar
сложиш,put
обаждам,call
лельо,lenger
стол,chair
хляб,bread
ушите,ears
учиш,you study
коня,horse
включи,turned on
обадим,call
квартала,neighborhood
смени,shifts
слаб,weak
получаваш,you get
дадат,give
космоса,cosmos
сестри,sisters
заслужаваш,deserve
наблюдение,observation
влюбена,in love
служител,employee
получихме,we received
казвала,he said
нейт,Nate
избягаш,escape
пее,sings
интервю,interview
отец,Father
случват,occur
покажете,show
теста,test
двойно,double
боговете,gods
състоянието,the state
братле,brother
отговоря,answer
кораби,ships
учителю,teacher
бет,beth
разходка,walk
нарочно,on purpose
обърка,confused
миналия,last
срещнахме,we met
спокойствие,calmness
позволиш,allow
пийт,pier
океана,ocean
лято,summer
хвърля,throw
джоба,pocket
докторът,the Doctor
властта,authority
идвате,you are coming
приличаш,like
оставят,leave
нейния,her
закъснях,I was late
собствения,one's own
лу,lu
сигнала,signal
джейми,Jamie
предложението,suggestion
по-силно,stronger
запознахме,we met
хване,grasp
целуна,kiss
правилното,correct
управлението,management
начинът,the way
дишай,breathe
идиоти,idiots
намерете,find
пространство,space
шерифе,Sheriff
отпусни,relax
продължиш,continue
сол,salt
джун,Jun
шофьор,driver
съдба,fate
отговора,reply
мосю,monsieur
уиски,whiskey
кейси,Casey
адвоката,lawyer
приключихме,we have finished
стигнахме,we have reached
весела,merry
еднакви,alike
повърхността,surface
русия,Russia
държите,you hold
пръстите,fingers
едуард,Edward
сериозни,serious
прах,dust
бяло,white
пиле,chicken
нападение,assault
действителност,reality
купър,Cooper
знаела,he knew
джонсън,johnson
бившата,the former
промениш,you change
фирмата,the company
наричам,call
лятото,summer
пожар,fire
казваме,we say
ум,mind
шибана,fucking
разказа,told
превърне,transform
бона,grand
влизайте,entry
дълг,debt
накараш,you make
застреля,shoot
километра,kilometer
градина,garden
познато,familiar
задната,rear
единият,one
безплатно,free
бием,weigh
темата,subject
приемат,accepted
луси,lucy
часовник,clock
вярата,faith
песни,songs
торта,cake
доведи,brought
артър,Arthur
занимава,deals
радио,radio
водиш,lead
изкара,out
софи,Sophie
бари,barry
животните,the animals
спечелим,win
чували,sacks
действия,actions
лов,hunting
каквито,what
честта,honor
пътят,the road
започнете,start
открито,openly
успял,succeed
крачка,pace
уреди,appliances
копелета,bastards
познавах,I knew
опитал,tried
бягаш,run
вятъра,wind
чувствах,I felt
решиш,decide
коридора,corridor
жестоко,cruel
дона,donna
убеди,convincing
черни,black
чанта,bag
билети,tickets
гледал,watched
най-лошото,the worst
сити,you are
оливър,Oliver
лек,light
белия,white
съберем,collect
карлос,carlos
ъх,uh
чете,read
по-близо,closer
взеха,took
загубата,the loss
здрав,rugged
нервен,nervous
контролира,controlled
топките,the balls
четвъртък,thursday
кей,pier
приемеш,accept
станала,became
хапчета,pills
сали,Sally
плаче,crying
страда,suffered
покажем,show
пуснат,released
пръста,finger
средства,means
пречи,prevents
женени,married
изкуството,art
водят,lead
пратя,send
изпратих,I sent out
тежък,heavy
спокоен,calm
необичайно,abnormally
кариера,career
съветник,adviser
договора,contract
започнаха,began
тайните,secrets
върти,rotate
тайлър,tyler
тежка,severe
мари,Marie
йонг,yong
храни,food
хо,ho
реч,speech
лайна,shit
обвинения,charges
прочетох,I have read
разделим,split
тревожиш,worry
дадоха,they gave
честна,fair
пуснем,run out
специални,special
линда,Linda
сложих,put
труп,corpse
присъда,verdict
играч,player
големият,the big
трета,third
хелън,Helen
отряд,squad
нуждаят,they need
оставяй,leave
съзнание,consciousness
престъпления,offenses
двора,court
подходящ,suitable
можехме,we could
район,district
полета,field
марти,Marty
дясно,right
бърз,fast
наляво,to the left
майки,mothers
дължиш,you owe
отношения,relationship
дадено,given
хитлер,hitler
потвърди,confirmed
променил,altered
лекарство,medicine
роклята,dress
андрю,Andrew
благодарен,grateful
лечение,treatment
изчакаме,we wait
бейби,babe
нейна,her
седна,sat down
главния,the main
нина,nina
изкуство,art
малкият,small
идвай,come
вторник,tuesday
мене,me
известна,famous
ключът,the key
умряла,died
междувременно,meanwhile
оженим,marrying
опасявам,fear
подаръци,gifts
ръсел,russell
гаража,garage
уилсън,wilson
самотен,lonely
оливия,Olivia
линията,line
оставите,leave
захар,sugar
вратите,the doors
фреди,Freddie
сетих,sitting
управление,management
занимаваш,you are dealing with
народ,nation
каша,mess
нула,zero
кратко,short
танци,dances
нещастен,unhappy
меч,sword
ножа,knife
измъкнеш,you get out
създава,creates
плачеш,weep
проба,sample
итън,Ethan
разбери,understand
стигнеш,reach
благослови,bless
карате,riding
прекрасни,lovely
среда,medium
пазар,market
притеснявайте,worry
народа,peoples
мрежа,net
приеми,accept
дойдем,come
начини,ways
тоби,Toby
невинни,innocent
влизам,walk into
вестника,newspaper
оскар,Oscar
говорех,I was talking
умения,skills
пробвай,try
купил,bought
измисли,invent
колене,knees
адски,hellish
говорете,talk
рана,wound
свири,playing
измисля,invent
домът,home
доведа,bring
бандата,gang
показания,readings
бяга,flee
позволява,allows
данните,the data
проверете,check
огромно,huge
градът,the city
брус,bruce
имаха,had
превръща,turns
знаехме,We knew
бала,bale
море,sea
тема,topic
винс,vince
дявола,devil
матю,Matthew
правителство,government
устройство,device
голф,golf
пръстена,ring
процеса,process
елиът,Elliot
здраве,health
лайно,shit
срещал,encountered
моста,bridge
гибс,gibbs
пипай,touch
анджела,Angela
местните,local
наказание,punishment
защитата,defense
дървото,tree
брато,bro
стрелба,shooting
уплашен,frightened
бяла,white
корабът,the ship
tова,here
вярвай,trust
кофти,coccy
условия,conditions
опитайте,try
министър,Minister
черния,black
истинският,the real
конете,horses
главите,heads
уикенда,weekend
умолявам,implore
съзнанието,consciousness
полицаите,police officers
кретен,cret
чувствате,you feel
военен,military
едновременно,simultaneously
замесен,involved
дъг,doug
сметките,the bills
махнеш,get out
сложете,put
открият,discover
танц,dance
огромни,huge
джесика,Jessica
лежи,lay
грубо,rough
убиваш,you kill
помислиш,you think
линейка,ambulance
процента,percentage
рани,wounds
включва,includes
наградата,prize
липсват,they are missing
страхливец,coward
птица,bird
мъжки,male
разбираме,we understand
футбол,football
бум,boom
анджелис,Angeles
изчезнали,disappeared
камъни,stones
седмицата,the week
почувстваш,you feel
дата,date
вълнуващо,exciting
любима,sweetheart
съществуват,exist
носеше,wore
извънземни,extraterrestrial
мислехме,we thought
изгубил,lost
тревога,worry
общество,community
сестро,sister
управлява,manages
услуги,services
белите,white
роман,novel
хванеш,grasp
търсене,search
милър,Miller
засяга,affects
принцип,principle
грижиш,care
пай,pie
басейна,pool
канал,channel
най-вече,mostly
въпросите,the questions
книгите,the books
незаконно,illegally
срещнеш,you meet
потърся,look for
уморена,tired
сметки,accounts
маями,miami
затворник,prisoner
медицински,medical
холи,holly
молба,application
южна,southern
бъркотия,mess
течение,flow
бо,bo
събудих,woke up
лични,personal
източник,source
победата,victory
скучно,boring
горд,proud
лица,faces
семейства,families
измислим,invent
отваря,opens
стоим,we stand
излизаме,out
човечеството,mankind
политика,politics
удара,hit
ммм,mmm
откаже,refuse
затворена,closed
подробности,details
пазара,market
шапката,hat
вещица,witch
затворен,closed
дръпни,pull
изследвания,research
франсис,francis
започваш,you start
сума,sum
досие,dossier
врага,enemy
талант,talent
ооо,ooo
чука,fuck
войниците,soldiers
съкровище,treasure
истинския,true
колите,cars
състезанието,race
инцидента,incident
пощата,mail
представиш,present
тела,bodies
уверявам,assure
казвах,I was saying
поставя,place
стоп,stop
лиз,liz
затварям,close
позволено,allowed
внимателен,attentive
убивам,kill
италия,Italy
пейдж,paige
правата,rights
нелепо,ridiculous
изпраща,sends
могло,might
заведи,Take
срещне,encountered
моника,Monica
вик,plumbing
вида,species
дала,dale
харви,Harvey
разбират,understand
душ,shower
цигара,cigarette
треньор,coach
гадост,hath
живял,lively
забави,delay
напуснете,quit
гроба,grave
експерт,expert
лора,lora
последна,last
защитя,protect
лидер,leader
рок,rock
приберем,lift
поискам,request
глупаци,fools
най-сетне,finally
диша,breathe
започнат,began
тексас,Texas
версия,version
започнахме,We started
съседите,neighbors
автобус,bus
дамата,the lady
раната,wound
приключим,weigh up
прекарам,spend
готина,cool
викат,shout
джес,jess
роднини,relatives
разбрали,do you understand
объркан,confused
свързан,connected
пробвам,try
топки,balls
довърша,finish
загубихме,We lost
седиш,sitting
приготвя,prepares
джордан,Jordan
събитие,event
магията,magic
престъпници,criminals
прибра,picked up
тон,tone
спомените,memories
професоре,professor
мики,mickey
дъх,breath
реша,decide
карън,karen
пустинята,the desert
сестрата,sister
стените,the walls
задам,ask
натали,Natalie
длъжен,indebted
двореца,palace
отишла,gone
извините,excused
споделя,shares
четирима,four
меча,sword
търсих,I searched for
отказвам,refuse
танцувам,dance
дъжд,rain
нейният,her
госпожа,Mrs.
прекара,spent
разговори,conversations
удоволствието,pleasure
стомаха,stomach
направено,done
говорили,talked
опасни,hazardous
излизат,out
духове,spirits
смел,bold
оставам,remain
травис,travis
памет,memory
участвам,participate
пътува,travels
хиляда,thousand
сложил,heed
часовника,clock
ю,yu
стан,loom
празнуваме,celebrate
призрак,ghost
предай,betray
очакват,expect
американците,Americans
ашли,Ashley
грант,grant
пилот,pilot
клиента,client
спа,Spa
спенсър,Spencer
повод,occasion
желае,desires
донесете,bring
ходят,walk
ъгъл,corner
пени,penny
брад,brad
предупреждение,warning
фантастично,fantastic
спомни,remembered
временно,temporarily
харесваше,liked
руснаците,the Russians
супа,soup
изчезнала,gone
свършиш,you're over
тод,tod
облечен,dressed
предател,traitor
кени,kenny
сандвич,sandwich
приятелче,buddy
коне,horses
свещеник,priest
марс,mars
библиотеката,the library
докъде,to where
сигурността,security
годините,the years
лична,personal
мечтата,the dream
кача,clam
секса,sex
канг,kang
сторил,done
дивана,sofa
членове,members
река,River
кристина,Christina
япония,Japan
използвате,you use
изпусна,dropped
слухове,rumors
забравила,forgot
оуен,Owen
шанса,chance
отвориш,open
подкрепление,reinforcement
оженя,marrying
надясно,to the right
сю,Sue
глави,heads
шоколад,chocolate
настъпи,occurred
ядат,eat
кинг,king
военни,military
ефект,effect
камерите,chambers
дясната,right
осъзнаваш,you realize
червена,red
оставаш,you remain
изяде,ate
помежду,with each other
рийд,reed
убедя,convincing
пусне,releases
дроб,liver
напуска,leaves
непознат,stranger
спал,slept
съюз,union
гордън,Gordon
технически,technically
пийнем,pee
демон,demon
шарлот,charlotte
системи,systems
съня,dream
доверието,confidence
директора,director
напрежение,tension
прибрах,picked up
дните,the days
зоуи,zoe
шибаната,fucking
погледнем,look
заклевам,swear
тъпа,dull
маршал,marshal
уили,willie
черната,the black
сторя,I have done
омъжа,marry
оказва,turn out
изпълни,execute
ходил,walked
прочета,read
започвай,start
изпратил,sent
ужас,horror
тревожете,worry
мечти,dreams
мерки,measures
науката,science
отидат,they go
глупако,fool
сид,seed
кости,bones
грей,gray
др,etc.
заети,employed
теди,teddy
наричай,call
омъжиш,marry
виктория,Victoria
гостите,guests
свои,their own
градината,garden
личност,personality
написах,I wrote
обстоятелства,circumstances
щата,the state
събития,events
държеше,he held
джонатан,Jonathan
отрова,poison
пий,pee
мирно,peaceful
непознати,strangers
действията,actions
партньори,partners
пациенти,patients
размер,size
научил,taught
лекарствата,medicines
ели,Ellie
идеш,do
докосвай,touch
същи,the same
подходящо,appropriate
пост,post
забавна,fun
излъгах,lied
станете,become
наричаме,we call
заповедите,orders
викам,call
усилия,effort
боклуци,rubbish
дълги,long
врати,doors
извикам,call out
влизаме,entry
склада,warehouse
техния,their
премина,passed
смятаме,we find
връщане,return
проекта,project
питате,you ask
по-големи,larger
вариант,variant
окаже,turn out
одри,Audrey
шок,shock
главната,main
стреляйте,shoot
уейн,Wayne
изхвърли,discard
редакция,editing
бягайте,run
смее,laugh
кучетата,the dogs
мисъл,thought
сравнение,comparison
t,t
женски,female
проститутка,prostitute
празни,empty
нощи,nights
навярно,perhaust
повярвайте,believe
чия,Chia seed
командире,commander
разстроена,upset
щастливо,happy
напускам,leave
боклука,rubbish
ранди,randy
приличам,look like
картината,picture
учен,scientist
намират,they find
реда,order
мей,mei
цигари,cigarette
старият,old
ад,hell
очила,glasses
испания,Spain
of,of
нейно,hers
наше,naught
най-големият,the largest
дотогава,until then
единствените,the only ones
чуете,you hear
танцува,dancing
готовност,readiness
рита,rita
срещали,met
пристигнахме,We arrived
територия,territory
доведете,bring
свършил,done
сменя,shifts
хейли,Hayley
обир,robbery
паднал,fallen
наблюдава,observe
заместник,alternate
търсех,I was looking for
представлява,represents
задници,assholes
задачата,task
старо,old
забравим,forgetful
златото,gold
тече,run
броя,count
излязъл,out
свалете,remove
позицията,position
по-голямо,greater
прието,accepted
москва,Moscow
служители,employees
дик,dick
флота,fleet
кери,kerry
капитанът,the captain
библията,Bible
потърси,seek
буден,awake
спечелих,I have won
задръжте,hold
обичал,loved
мич,mitch
звучиш,you sound
вестник,newspaper
задължително,mandatory
познават,know
гласът,the voice
криза,crisis
бел,bell
поеме,take over
северна,northern
пея,sing
показанията,readings
уплашена,frightened
съгласни,agree
прибери,pick up
изгубихме,We lost
заповедта,order
бягам,run
оттогава,since then
намираме,we find
накарай,make
разчитам,rely on
танцуваме,dance
започни,start
появява,appears
физически,physically
взехме,we took
птици,birds
со,CO
обаждането,the call
тяхното,their
реакция,reaction
оцелее,survive
вземам,pick up
расте,grows
пострада,suffer
мая,yeast
терапия,therapy
правех,I was doing
всичката,all
сълзи,tears
запали,lit
убийствата,murders
стъпки,steps
милорд,mylord
дженифър,Jennifer
играете,play
нареди,ordered
логика,logic
господаря,lord
трейси,tracy
кал,mud
разстроен,upset
фалшиви,fake
помощник,assistant
резултати,results
софия,Sofia
спомен,memorial
истинските,the real
гледна,view
чули,heard
продължават,continue
уредя,arrange
чухме,heard
огледалото,mirror
присъствието,presence
никоя,no
приемем,accept
седнеш,sit down
стола,chair
записите,records
рон,ron
помислил,thought
изпратим,send
ареста,arrest
политиката,politics
затворени,closed
избягам,escape
гаранция,warranty
интересен,interesting
синьо,blue
впечатляващо,impressive
противен,nasty
коул,Cole
изслушай,listen
заслужавам,deserve
тестове,tests
сет,seth
излезте,go out
по-дълго,longer
предлагаш,you offer
me,ME
клетка,cage
списание,magazine
останал,left
забранено,prohibited
шпионин,spy
цветята,the flowers
вторият,the second
чула,he heard
продам,sell
самотна,lonely
запазя,keep
интересна,interesting
стаи,rooms
продават,sell
полето,field
проучване,study
записи,records
поправя,mend
мърдайте,move
ученик,student
сенатор,senator
волята,will
викаш,yell
сряда,Wednesday
майлс,Miles
колега,colleague
купим,buy
вкара,scored
статия,article
раждането,birth
намерихте,I found you
изчакам,wait
сестрите,sisters
котката,cat
известни,famous
мрежата,network
довърши,finish
нямало,had no
обясниш,explain
бостън,Boston
вълна,wave
участъка,the plot
лаборатория,laboratory
военните,the military
организация,organization
търсенето,demand
ърл,Earl
шейн,Shane
ма,ma
тъжна,sad
барбара,barbara
оставила,left
червен,red
страхува,afraid
поеми,poems
св,St.
спрях,I stopped
боря,battle
богати,rich
лири,pounds
колело,wheel
номерът,the number
гола,nude
кражба,stealing
изплаши,frightened
получат,obtain
флорида,Florida
присъедини,join
сняг,snow
греша,be wrong
докара,brought
всичкото,all
свършим,run out
водач,driver
донесеш,bring
харпър,harper
обаждания,calls
опасна,hazardous
закъснявам,be late
бельо,underwear
слух,rumor
опитваше,trying
приемете,accept
предадеш,you betray
безпокой,worry
станем,become
бебета,babies
ин,in
студена,cold
гняв,rage
отворени,open
единия,one
отдръпнете,back away
решим,solve
тина,You on
мозъкът,brain
реално,real
увери,assured
теорията,theory
позволявай,allow
тръгнах,I left
тежки,heavy
отговаряш,answer
вампир,vampire
погрижим,bearish
танцуваш,you dance
панталоните,pants
недейте,do not
партньора,partner
отговорите,the answers
службата,office
близък,close
смятах,I thought
х,x
разбрала,understood
чуят,they hear
обвинение,accusation
отговарям,answer
тръгнете,leave
старши,senior
сценарий,scenario
вдига,lift
лекарството,medicine
човешко,human
прецака,fucked
защитава,protects
шампион,champion
публично,publicly
заминавам,leave
прозорец,window
отказва,refuses
застрелям,shoot
екипажа,crew
морски,sea
абсурдно,absurd
наполовина,half
крия,kyria
разкажеш,tell
технология,technology
порно,porn
струват,worth
опашката,queue
убиете,you kill
пациентите,patients
празна,empty
семействата,families
двор,yard
вана,bathtub
устните,lips
доказателствата,evidence
изясним,clarify
змия,snake
прибираме,retreat
вечеряме,dinner
замъка,castle
пушка,rifle
арест,arrest
сос,sauce
напразно,in vain
елън,Ellen
дял,share
дърветата,trees
клетки,cells
кати,kathy
хапнем,bite
антъни,Anthony
стигнат,reach
актьор,actor
грешката,mistake
бонбони,candy
област,area
тъжен,sad
схванах,I grip
материал,material
старче,old man
изабел,Isabel
свържете,connect
съвпада,match
преместим,moving
велики,great
вярвах,I believed
майоре,mayo
участва,participates
забавление,entertainment
скоростта,speed
морис,Maurice
намерила,found
наблюдавам,watch
маргарет,margaret
второто,the second
нанси,Nancy
джен,Jen
майтап,kidding
бас,bass
рамото,shoulder
забравяйте,forget
публиката,audience
in,in
намираш,you find
мениджър,manager
гледаше,was looking at
помагат,help
полезно,helpful
старец,elder
нещото,thing
влязох,I went in
нощем,at night
животи,lives
гащите,pants
тост,toast
вдигнете,pick up
ясен,clear
нервна,nervous
прекъсвам,interrupt
голи,nude
посред,in the midst of
едното,one
щастието,happiness
преследват,chase
паркинга,parking lot
кат,cat
книжка,booklet
улики,clues
другарю,comrade
връщат,return
реклама,advertisement
лявата,the left
групи,groups
джейкъб,jacob
ходих,i walked
линдзи,Lindsay
поща,mail
извършил,committed
възрастни,adults
очакваше,expected
попиташ,you ask
йо,yo
хил,thousand
интересуват,they are interested in
анна,Anna
обадил,called
полицейски,police
мръсни,dirty
нещастие,misfortune
отидоха,went
готви,cook
мислила,thought
поколение,generation
алфа,alpha
трудни,tricky
герои,heroes
прасе,pig
сънища,dreams
най-малкото,the least
враговете,enemies
страст,passion
господар,ruler
знаели,does he know
забелязал,noticed
заем,loan
бони,bonnie
нетърпение,impatience
пристига,arrive
свържем,connect
дължи,owed
излязох,I went out
докаже,prove
отворен,open
войни,wars
опитвайки,trying
ръба,edge
използвах,I used to
чек,check
oh,oh
бягство,escape
уважавам,respect
разби,crashed
остатъка,residue
руски,Russian
поведението,the behavior
луи,louis
издържи,endure
скочи,jump
вход,entrance
лорън,Lauren
годишно,per year
разположение,placement
мечка,bear
смисълът,the meaning
септември,September
взриви,blast
избрал,picked
асансьора,the elevator
анализ,analysis
прие,accepted
опитвал,tried
слез,descend
останаха,remained
развали,spoils
формата,form
младеж,youth
затваряй,close
съберете,collect
мисис,Mrs.
редно,right
струваше,it cost
чукаш,fuck
марко,marco
срещаме,meet
намали,slow down
крещи,scream
шансовете,the odds
илай,ylay
съща,the same
лин,lynn
хладилника,refrigerator
my,my
изкарам,put out
направени,made
останалата,the rest
инспекторе,Inspector
отношенията,relations
писател,writer
гарантирам,guarantee
влязъл,entered
изгори,burn
мотив,motive
ризата,shirt
друже,company
собственик,owner
team,Team
линии,lines
реалността,reality
христос,Christ
обадиха,they were calling
чувстват,feel
мъртво,dead
приличат,like
изостави,abandoned
вземаш,you take
проклетата,the damn
купона,coupon
трудна,tough
подготвя,prepares
развод,divorce
вятър,wind
по-трудно,more difficult
напуснах,I left
пръсти,fingers
пи,pi
отърва,it gets rid of
посещение,visit
притеснен,worried
изчезва,disappear
празен,empty
глупачка,fool
годишен,annual
нараниш,hurt
кода,coda
избрах,I chose
труд,labor
харолд,Harold
благодари,thank
дяволски,devilish
александър,alexander
носите,you wear
усещаш,feel
багажника,trunk
починал,died
смелост,courage
неприятно,unpleasant
акт,act
продавам,sell
еми,emi
ваканция,vacation
убийте,kill
кейн,Kane
събера,gathering
маркъс,marcus
плача,cry
опашка,tail
възрастен,adult
разкарайте,take out
негодник,bastard
влизаш,you get in
нападна,attacked
уволнен,dismissed
стрелям,shoot
споразумение,agreement
плащаш,you pay
високи,higher
подобна,similar
грях,sin
държах,I held
берлин,Berlin
започнали,began
хрумна,occurred
символ,symbol
колеги,colleagues
плъх,rat
приемаш,accept
баня,bathroom
срок,term
надеждата,hope
юли,July
тълпата,crowd
иде,come
арестуват,arrested
кома,coma
закони,laws
тренер,trained
брук,Brooke
наркотиците,drugs
лудо,crazy
кураж,courage
фалшива,fake
хванали,caught
фермата,farm
йон,ion
ожениш,marry
цар,Tsar
накараме,made me
клиниката,clinic
пияна,drunken
отпечатъците,fingerprints
полудя,mad
униформа,uniform
късмета,luck
ученици,pupils
справедливост,fairness
четох,reading
попитай,ask
видове,kinds
вики,Vicky
печелиш,you win
картите,cards
никол,nicole
винсънт,vincent
оправят,fix
готвач,chef
отказах,I gave up
питах,I asked
оставяш,you leave
третия,third
нередно,irregular
издържа,endures
агенция,agency
избери,select
c,c
прочети,read
минал,past
репутацията,reputation
избера,pick
шибания,fucking
рискувам,risk
джена,jenna
спят,sleepy
напуснал,left
предлага,offers
университет,university
телевизора,television
риза,shirt
доказва,proves
корема,abdomen
клер,cler
взаимно,mutually
човешката,human
закъсня,late
биваше,was
лошото,bad
доволна,pleased
сянка,shadow
шибано,fucking
дупки,holes
откъдето,where
младите,young
онлайн,online
почувства,felt
ниско,low
представяш,you present
праща,sends
работех,I worked
протокола,protocol
гореща,hot
звъня,ring
военна,military
поканя,invite
агенцията,agency
здравето,health
рони,ronnie
дупката,hole
написа,wrote
главният,chief
влияние,influence
шибани,fucking
мълчи,silence
откриете,you find
ядоса,angry
блейк,blake
фамилията,surname
етап,stage
норман,Norman
харис,Harris
младши,junior
очакваме,expect
куршума,bullet
присъдата,verdict
кмета,mayor
виното,wine
радва,glad
заплата,salary
платил,paid
справям,handle
тавана,ceiling
курса,course
червената,red
предупредя,warn
костите,bone
станция,station
пристигне,arrive
пътища,roads
чакате,you wait
любимите,favorite
движат,move
температурата,the temperature
стоката,the goods
лекс,lex
паника,panic
панталони,pants
обект,object
мръсна,dirty
затворя,close
връзките,ties
написано,written
държава,state
фин,fine
изборите,the election
отидохме,We went
мислел,thoughtful
пазят,preserve
миризмата,smell
свърших,finished
щото,because
ходите,you walk
отишли,gone
сърцата,the hearts
древните,ancient
хаос,chaos
желаеш,you wish
краищата,the edges
цента,cents
речта,speech
фактите,the facts
храма,temple
работих,i worked
рори,rory
усещането,sensation
вестниците,the newspapers
отдолу,underneath
уроци,lessons
маска,mask
скала,scale
любимият,favorite
кен,ken
вещи,belongings
стойност,value
граница,border
медицинска,medical
голямото,the great
уилямс,williams
получават,receive
обърнете,reverse
вселена,universe
махам,remove
дървета,trees
холивуд,Hollywood
колегите,colleagues
операции,operations
гнева,wrath
удивително,astonishing
сляп,blind
хванахме,we caught
звяр,beast
провериш,you check out
вирджиния,Virginia
умираш,dying
мразят,hate
молим,pray
груб,rough
пит,pit
помислете,think
ванеса,Vanessa
бурята,the storm
съжелявам,conceive
нивото,level
провал,failure
по-важно,more important
казвайте,say
слаба,lame
избереш,you choose
предстои,to come
скапан,scan
фийби,Phoebe
извинявайте,sorry
лягай,lie down
накарах,I made
франциско,francisco
казахме,we told
тръгнали,gone
световна,worldwide
студиото,the studio
атаката,attack
диего,Diego
обяда,lunch
гориво,fuel
близко,close
загубим,lost
плачи,weep
чук,hammer
изгубя,lose
енергията,energy
крайно,extremely
ток,current
уенди,wendy
обсъждаме,we are discussing
прочете,read
рут,ruth
отворим,open
чанг,Chang
качим,weigh
щяхте,you would
долар,dollar
скачай,jump
забавляваме,entertain
решава,decides
уейд,Wade
създал,created
чарлс,charles
секретар,secretary
адвокатът,lawyer
актриса,actress
габриел,Gabriel
минали,past
нора,nora
кост,bone
покана,invitation
нищото,nothingness
разпит,interrogation
л,l
лоис,Lois
клей,clay
кийт,Keith
лесна,easy
костюма,suit
проклета,damn
ударил,punched
облечена,dressed
разумно,reasonably
следвай,Follow
слабост,weakness
вероника,Veronica
основа,base
любим,loved
разкажете,tell
страха,fear
собствено,one's own
представете,imagine
ааа,AAA
кракът,foot
трагедия,tragedy
премине,pass
меган,megan
джентълмен,gentleman
дар,gift
мръсно,dirty
страхувай,fear
лори,lori
уолт,Walt
извиниш,apologize
впечатление,impression
питат,inquire
погледнах,I looked at
заключи,conclude
художник,painter
бомби,bombs
очилата,glasses
филмите,the movies
празник,holiday
испански,Spanish
приключа,finish
невероятни,amazing
предварително,in advance
откачено,disconnected
бориш,struggle
чудесни,wonderful
предпочиташ,you prefer
платят,pay
сеньор,senior
красотата,beauty
дишам,breathe
by,by
предизвика,cause
корея,Korea
колелото,wheel
открит,open
отстрани,on the side
борим,struggle
свърже,connect
падат,fall
простя,forgive
янг,yang
говорила,talked
ейнджъл,Angel
болестта,illness
трябваш,you need
причинява,causing
благодарността,gratitude
цици,tits
учени,scientists
най-големите,the biggest
евро,euro
кристофър,Christopher
кристин,Christine
холмс,Holmes
налягане,pressure
пациента,patient
победим,beat
понеса,tolerate
перфектен,perfect
ползвам,use
изненадана,surprised
вирус,virus
сонг,Song
променим,alterable
безсъзнание,unconscious
романтично,romantic
станаха,have become
обръщай,turn
хирург,surgeon
политически,political
участък,plot
властите,authority
заведем,take off
чел,read
спасих,saved
концерт,concert
приятелството,friendship
опитвате,You try
справят,they deal with
саша,Sasha
педал,pedal
ял,eaten
съдя,prosecute
постъпи,did
заведеш,take
реалност,reality
зарежи,dump
идвал,came
хумор,humor
молиш,pray
собствени,own
единствен,sole
поемам,take up
забавляваш,you have fun
лекарите,doctors
обвинен,accused
предизвикателство,challenge
нямахме,we did not have
останах,I stayed
феликс,felix
защитавам,protect
мобилния,the mobile
пазим,keep
съди,judge
съжаляваме,sorry
сънувах,I dreamed
поддържа,support
вълк,Wolf
малкълм,Malcolm
стрелбата,shooting
природа,nature
дебел,thick
гледка,view
призна,acknowledged
спирай,stop
екипът,the team
събира,collect
затворници,prisoners
пил,pile
обучение,training
докосна,touched
изключим,exclude
целуни,kiss
уест,West
клои,chloe
луна,moon
пушката,rifle
признаеш,you admit
пееш,sing
джефри,Jeffrey
бракът,the marriage
джулс,Jules
предната,the front
водите,water
професионалист,professional
закуската,breakfast
избирам,choose
хедър,heather
извика,cried
върнала,returned
стрес,stress
излязат,come out
ралф,ralph
ирак,Iraq
позволите,allow
играчки,toys
освободя,release
цезар,Caesar
стрелят,shoot
срещам,meet
репортер,reporter
смея,laugh
стийв,steeve
можел,capable
даваме,give
характер,character
въжето,rope
пакет,packet
предупреди,warned
ерика,Erica
булката,bride
океан,ocean
доведох,led
тревата,grass
научим,learn
спрял,stopped
почувствам,felt
граници,limits
бягаме,fleece
ричи,riches
стреляш,shoot
имай,have
реагира,reacted
въоръжен,armed
кула,tower
канада,Canada
телефони,phones
нещастник,wretch
объркана,confused
чудовища,monsters
чашата,cup
почака,waiting
температура,temperature
рай,paradise
труда,labor
оферта,offer
мейсън,Mason
личи,evidence
стефан,stefan
раздели,tabs
падам,fall
извикай,yell
условията,terms
кампанията,the campaign
колин,colin
пътешествие,journey
глен,glen
хванал,caught
дейзи,daisy
кити,kitty
портфейла,portfolio
успокои,calmed
плът,flesh
задържиш,keep
снимам,take a photo
борбата,struggle
лиза,lick
иън,Ian
сектор,sector
допълнително,further
долината,valley
бени,Benny
знаеха,they knew
купува,buys
сърдечен,hearty
учените,scientists
ухото,ear
радваме,we enjoy
соня,Sonia
играчка,toy
принцесата,princess
клиника,clinic
линкълн,Lincoln
учителя,teacher
пати,patty
определени,determined
документ,document
най-хубавото,the best
количество,quantity
косъм,hair
склад,warehouse
цвете,flower
влезете,get in
джина,gina
ударих,I hit
водка,vodka
служби,offices
водим,lead
свържи,connect
скъса,short
започнала,started
федералните,federal
продаваш,you sell
усети,felt
родена,born
отваряй,open
изтече,leaked
учил,taught
звездата,star
ударя,hit
отказал,refused
комисията,the Commission
евреите,Jews
бенет,benennette
гарата,station
видеото,the video
собственика,owner
победител,winner
загубеняк,loser
барни,barney
зимата,winter
империя,empire
полезен,helpful
медиите,the media
поли,poly
мърфи,Murphy
ваши,your
джил,jill
държавата,state
граждани,citizens
направена,made
обяви,declare
викай,yell
евреин,Jew
мел,Mel
пробваме,try
лицата,faces
искахте,you wanted
катастрофата,crash
обаждаш,call
спим,sleep
повярвате,believe
изпратете,send
човешка,human
нормална,normal
господарят,lord
оставили,have left
щати,states
спусъка,trigger
роза,rose
бившия,the former
минеш,pass
доставка,delivery
гора,Forest
юни,June
предава,convey
неочаквано,unexpectedly
облека,dress
трик,trick
прекараш,you spend
предимство,advantage
асистент,assistant
удря,hitting
зина,zina
отличен,excellent
радваш,you enjoy
приказка,tale
смело,boldly
саманта,Samantha
копелето,bastard