Spanish,English
de,from
que,that
no,no
a,to
la,the
el,the
y,and
es,it is
en,on
lo,it
un,a
por,by
qué,that
me,I
una,a
los,the
se,I know
te,tea
con,with
para,for
está,is
mi,me
pero,but
sí,Yes
si,Yes
bien,well
eso,that
su,its
las,the
yo,me
del,of the
como,What
aquí,here
tu,your
al,to the
más,plus
le,you
esto,this
todo,everything
ya,already
estoy,am
ahora,now
muy,very
ha,he has
esta,is
así,So
vamos,we go
algo,something
hay,there are
bueno,well
tengo,I have
él,he
cuando,when
estás,these
sé,he
tú,your
nos,us
nada,any
cómo,excuse me
este,this
o,or
he,He.
ser,be
tiene,have
puedo,Can I
ella,she
quiero,want
hacer,do
fue,it was
gracias,Thank you
vez,time
era,was
soy,I am
sólo,single
todos,everybody
porque,because
son,are
tienes,you have
creo,I think
voy,go
sabes,you know
estaba,was
puede,may
eres,are
ese,that
usted,you
entonces,then
hola,hello
solo,only
verdad,truth
casa,home
tan,so
quién,who
sus,their
tiempo,weather
dos,two
esa,this
nunca,never
dónde,where
va,he
oh,Oh
favor,favor
mucho,much
mí,my
quieres,want
siento,I feel
señor,Mister
mejor,better
hace,does
has,HAS.
decir,tell
también,too
sobre,upon
dios,God
sin,without
tenemos,have
están,is it so
ti,you
puedes,you can
ver,watch
hombre,man
vida,life
alguien,somebody
cosas,stuff
siempre,forever
hasta,until
ahí,there
ir,to go
años,years
antes,before
estar,to be
ni,neither
poco,little
día,day
uno,one
noche,evening
hecho,done
mis,MIS
estamos,we're
otra,other
acuerdo,agreement
trabajo,job
nosotros,us
parece,It seems
gente,people
sea,be
padre,dad
mira,sight
mismo,same
dijo,said
nadie,nobody
quiere,wants
podría,could
hablar,talk
vas,you go
ellos,them
sr.,Mr.
tal,such
pasa,pass
fuera,out of
después,after
han,they have
desde,from
dinero,money
mundo,world
claro,Sure
momento,moment
les,them
tener,to have
estado,state
otro,other
había,there was
mañana,morning
tenía,I had
madre,mother
vale,okay
lugar,place
haciendo,doing
donde,where
seguro,safe
sabe,knows
podemos,we can
tus,your
espera,waiting
nuevo,new
sido,been
cosa,thing
hijo,child
allí,there
menos,less
tipo,kind
amigo,friend
gran,big
nuestro,our
mujer,woman
mamá,mother
luego,later
papá,dad
días,days
dice,He says
hoy,today
tres,three
buena,good
necesito,needed
dije,I said
oye,Hey
gusta,like
quería,wanted
será,will be
haber,to have
parte,part
todas,all
crees,you think
buen,good
conmigo,with me
nombre,Name
mierda,shit
nuestra,our
mal,wrong
debe,has to
realmente,Really
estas,are
aún,still
mío,Own
toda,all
hacerlo,do it
cada,each
visto,viewed
importa,import
contigo,with you
tienen,have
hemos,we have
razón,reason
alguna,some
tanto,so much
saber,to know
hizo,did
veces,times
serio,I laughed
ven,come
idea,idea
eh,Hey
tarde,late
problema,trouble
hora,hour
cierto,certain
dicho,saying
quien,who
demasiado,too
amor,love
entre,Come in
ve,go
pasado,last
familia,family
estos,these
policía,policeman
debería,it should
ustedes,you guys
chica,girl
esos,those
chicos,Boys
cuenta,bill
haces,you do
todavía,yet
salir,get out
algún,some
vaya,Wow
unos,some
veo,I see
amigos,friends
hermano,brother
pensé,I thought
sabía,I knew
cabeza,head
ah,ah
cariño,affection
digo,say
van,go
hombres,mens
buenas,good
somos,are
cualquier,any
forma,shape
mientras,While
lado,side
debo,I must
sería,would
caso,case
pueden,may
pasó,step
primera,first
genial,brilliant
chico,guy
supuesto,assumption
hice,I made
pues,then
adiós,bye
muchas,many
personas,persons
señora,Ms
volver,return
esas,those
quizá,maybe
contra,against
camino,path
durante,during
hablando,talking
manera,way
muerto,dead
persona,person
rápido,Quick
cuál,which
ayuda,help
historia,history
iba,I was going
supongo,I suppose
nueva,new
entiendo,I get it
dentro,within
casi,almost
puerta,door
ves,you see
pasar,pass
primero,first
significa,it means
semana,week
hacia,toward
quizás,maybe
espero,wait
juntos,together
año,year
niños,kids
pronto,early
tío,uncle
suerte,luck
ciudad,town
siquiera,even
feliz,happy
venir,come
hija,daughter
gustaría,would like
minutos,minutes
cuánto,how many
os,you
hey,Hey
muerte,death
dejar,let
realidad,reality
deja,leaves
problemas,problems
vi,saw
da,gives
importante,important
dijiste,said
corazón,heart
miedo,afraid
jefe,boss
agua,Water
haré,I will do
justo,just
horas,hours
poder,can
buenos,good ones
esposa,wife
manos,hands
debes,you should
viene,comes
venga,come on
nuestros,our
ojos,eyes
adelante,ahead
encontrar,find
mano,hand
cinco,five
niño,kid
ninguna,none
otros,others
cara,face
cuidado,watch out
bajo,low
cerca,close
viejo,old
déjame,let me
noches,nights
bastante,pretty
fin,end
tomar,take
único,unique
misma,one.
escucha,listens
ningún,No.
suficiente,enough
punto,point
cuándo,when
sigue,follow
haya,is
equipo,team
grande,big
necesita,needs to
llegar,to get
incluso,even
algunos,Some
doctor,doctor
difícil,hard
aunque,although
hubiera,had
primer,first
coche,car
hago,I make
clase,class
cuatro,four
mas,more
dices,You say
pequeño,little
llama,call
toma,taking
hiciste,did
allá,there
última,last.
arriba,above
tierra,Earth
guerra,war
pensar,to think
pueda,can.
igual,equal
loco,mad
sangre,blood
mujeres,women
vuelta,lap
fui,I was
trabajar,to work
tenido,Dyed
juego,play
deberías,you should
cuerpo,body
e,and
algunas,some
entrar,get in
cree,CREE.
podía,I could
debemos,must
oportunidad,chance
teléfono,telephone
necesitamos,need
final,final
listo,Ready
fiesta,party
muchos,Many
estabas,You were there
quieren,They want.
vete,go away
auto,car
dar,give
vivir,to live
posible,possible
ok,okay
hermana,sister
número,number
meses,months
exactamente,exactly
culpa,fault
abajo,down
escuela,school
ido,gone
fuerte,strong
diciendo,saying
habla,speaks
esté,this
ello,it
pregunta,question
chicas,girls
eran,were
unas,nails
pasando,going
atrás,behind
malo,bad
capitán,captain
sra.,Ms.
bebé,baby
segundo,second
sabemos,we know
mayor,higher
comida,meal
morir,To die
conozco,know
dame,give to me
fácil,easy
comer,eat
vino,came
lista,ready
haga,make
necesitas,you need
hijos,sons
probablemente,probably
padres,parents
habitación,bedroom
creer,to believe
pensando,thinking
fueron,They were
dime,tell me
trata,about
buscando,searching
tuve,I had
tampoco,either
amo,love
joven,young man
podrías,could you
sola,alone
par,pair
única,only
hacen,make
seguir,continue
dr.,DR
simplemente,simply
dicen,they say
medio,half
puta,bitch
saben,Saben
sentido,sense
hagas,you do
segura,safe
esperar,expect
lejos,far
arma,weapon
alto,high
pequeña,small
dólares,Dollars
seis,six
estaban,They were
seguridad,security
maldita,damned
estuvo,he was
preocupes,worry
palabra,word
esperando,waiting
queda,remains
oficina,office
matar,kill
iré,I will go
cama,bed
además,what's more
último,latest
oído,hearing
habría,there would be
estará,will be
dio,it gave
recuerdo,I remember
siendo,being
acerca,about
tenga,have
luz,light
correcto,Right
ud.,You.
demonios,got damn
nuestras,ours
verte,to see you
dormir,to sleep
sitio,site
ayudar,help
conseguir,to get
di,gave
marido,husband
paz,peace
idiota,moron
plan,plan
dado,dice
cuanto,how much
peor,worse
murió,died
pueblo,village
vivo,alive
venido,I come
john,John.
basta,Enough
paso,He passed
deberíamos,we should
música,music
diga,SIGE.
minuto,minute
anoche,last night
llamar,to call
piensa,think
país,country
digas,you say
rey,King
perdón,sorry
mucha,a lot
falta,lack
pienso,I think
diablos,Devils
perdido,lost
niña,girl
señorita,miss
diez,ten
lleva,carries
hospital,hospital
grandes,big
maldito,damned
otras,Others
llamado,called
hacemos,we make
llevar,carry
fuego,fire
aqui,here
tuvo,had
poner,put
calle,Street
acaba,just
prueba,proof
increíble,amazing
real,real
libro,book
orden,order
semanas,weeks
especial,special
mía,mine
café,coffee
duro,Lasted
empezar,start
afuera,outside
queremos,we want
perro,dog
cielo,heaven
jack,Jack
puesto,Market Stall
viaje,trip
detrás,behind
cuarto,room
querida,Dear
haría,would do
preguntas,questions
piensas,You think
querido,Dear
libre,free
buscar,search for
cual,which
diré,I'll say
suena,sounds
jugar,play
cambio,change
película,film
millones,millions
habrá,there will be
llamada,call
resto,rest
vemos,we see
extraño,strange
mala,bad
presidente,President
srta.,Ms.
irme,go
ropa,clothing
perder,miss
vuelve,returns
agente,agent
palabras,words
información,information
raro,rare
hará,he will do
entiendes,you understand
éste,this
trabajando,working
tratando,trying
general,general
trato,treatment
usar,use
perfecto,perfect
derecho,right
modo,mode
ayer,Yesterday
conoces,you know
demás,the rest
quieras,want.
podríamos,we could
noticias,news
asesino,assassin
encontrado,Found
control,control
odio,hate
frente,front
sexo,sex
decirle,tell him.
estaré,I will be
divertido,funny
armas,weapons
recuerdas,remember
amiga,friend
grupo,group
asunto,affair
acabo,finished
mensaje,message
encima,above
atención,attention
diferente,different
uh,Uh
cállate,shut
daño,hurt
sucede,happens
cambiar,change
siguiente,following
sino,otherwise
the,The.
seas,Seas.
médico,doctor
boca,mouth
dejó,let
error,error
jamás,Never
largo,long
pena,pain
voz,voice
futuro,future
siente,Feel
secreto,secret
baño,bathroom
mil,thousand
decirte,tell you
sam,Sam.
pensaba,thought
novia,bride
propia,own
sueño,sleep
haz,make
fuerza,strength
deben,they should
supone,Suppose
estábamos,We were
ambos,both of them
ay,Oh
estuve,was
encontré,I found
vuelto,turned
dolor,pain
dile,tell him
encanta,loves
edad,age
darle,give him
pie,foot
negro,black
ganar,to win
york,york
aire,air
lamento,lament
verlo,see him
asesinato,murder
vio,saw
adónde,where to
llegado,arrived
disculpe,excuse me
s,S.
cita,appointment
estaría,It would
fuiste,you were
sistema,system
gusto,taste
pobre,poor
negocio,business
mente,mind
tuyo,yours
campo,countryside
mire,Look
situación,situation
tras,after
hotel,hotel
vosotros,you all
funciona,it works
foto,Photo
abogado,attorney
loca,crazy
propio,own
alrededor,around
próxima,Next
terminado,finished
hablas,speak
pagar,to pay
mató,killed
llamo,I call
personal,personal
sientes,you feel
ocurre,occurred
ésta,is
recuerda,remember
mitad,half
quiera,want
pelo,hair
tenías,You had
viste,dresses
oficial,official
llegó,I arrive
compañía,company
relación,relationship
conoce,known
pase,happens
montón,heap
mejores,top
creí,I believed.
cena,Dinner
sentir,feel
través,through
accidente,accident
i,I.
ellas,they
caja,box
tranquilo,quiet
bonito,nice
eras,ages
asi,So
pudo,he could
vive,it lives
vista,view
estúpido,stupid
línea,line
caballeros,gentlemen
haremos,will
dan,Dan.
quédate,stay
tienda,shop
comprar,to buy
entendido,it is understood
centro,center
salvo,except
mes,month
joe,Joe.
sol,Sun
tonto,fool
hambre,hunger
michael,Michael
mesa,desk
respuesta,answer
completamente,completely
david,David
carta,letter
totalmente,totally
imposible,impossible
pruebas,tests
novio,boyfriend
normal,normal
gustan,like
frank,Frank.
pude,could
charlie,Charlie.
traje,costume
dirección,address
siete,seven
dijeron,they said
placer,pleasure
sean,Sean.
tendrá,will have
barco,boat
blanco,White
tom,Tom.
profesor,teacher
servicio,service
muchacho,young guy
reunión,meeting
dejado,left
ley,law
quisiera,I'd like
hubo,there was
george,George.
programa,Program
carrera,career
cumpleaños,birthday
muchachos,Boys
culo,ass
canción,song
hermosa,beautifull
universidad,University
boda,wedding
decirme,tell me
cualquiera,any
tengas,You have
hacía,toward
estés,Bene
sala,living room
llevo,I wear
decisión,decision
espere,Wait
don,Don
necesario,necessary
sal,Salt
entra,enters
prisa,rush
carajo,Carajo.
embargo,embargo
interesante,interesting
tendrás,you will have
escuchar,listen
abuela,Grandma
hicieron,they made
detective,detective
horrible,horrible
suelo,ground
fotos,photos
cárcel,jail
acá,here
io,io.
mike,Mike.
siéntate,Sit down
decía,He said
intentando,trying
vámonos,Let's go
maldición,curse
silencio,be quiet
muerta,dead
capaz,capable
salió,he left
club,club
terminar,end up
temo,fear
broma,joke
gobierno,government
prometo,I promise
cámara,camera
media,half
terrible,terrible
llamó,I call
regalo,present
amable,nice
dulce,sweet
muertos,dead
querías,You wanted
ataque,attack
das,you give
navidad,Christmas
negocios,business
pudiera,I could
ocho,Eight
avión,airplane
investigación,investigation
acabó,just
juro,Juro.
mantener,maintain
ejército,army
papel,paper
partes,Parties
ten,Ten.
gracioso,funny
diría,would say
principio,beginning
delante,in front of
teniente,lieutenant
deseo,wish
vayas,Vayas.
nave,ship
sale,comes out
basura,trash
vine,came
contacto,Contact
esposo,husband
tren,train
encontramos,we find
dale,Go ahead
verdadero,true
tuya,yours
alma,soul
hazlo,do it
disculpa,Sorry
junto,together
anda,Anda
tendré,I will have
matrimonio,marriage
saberlo,Know it
locura,craziness
oro,gold
permiso,Excuse me
director,director
peligro,danger
libertad,Liberty
alegro,glad
baja,come down
tendremos,we will have
derecha,right
encuentra,find
pies,feet
segunda,second
maravilloso,marvelous
espacio,space
rato,a while
abuelo,grandfather
esperaba,I expected
mirando,looking
salud,Health
sorpresa,surprise
ninguno,none
miren,Look
triste,sad
aun,yet
pensado,thought-out
maestro,teacher
según,according
infierno,hell
podrían,could
tipos,types
tía,aunt
crimen,crime
conocido,known
consejo,tip
ante,in view of
iglesia,church
intento,tried
mayoría,most
doy,I give
peter,Peter
hicimos,we did
escena,scene
piso,flat
señal,sign
honor,honor
llamas,calls
abre,opens
cerebro,brain
veras,you'll see
viendo,seeing
pone,places
pregunto,I ask
cocina,kitchen room
vestido,dress
inteligente,intelligent
vieja,old
caballo,horse
vienen,they come
vidas,Lives
bar,Pub
corte,court
sucedió,It happened
adentro,inside
drogas,Drugs
enseguida,right away
busca,seeks
agradable,nice
carne,meat
parecía,looked like
departamento,Department
lindo,cute
mar,sea
duda,doubt
edificio,edifice
conocer,know
cargo,post
víctima,victim
luna,Moon
energía,Energy
frío,cold
hablo,talked
baile,dance
trabaja,works
misión,mission
listos,ready
ayudarte,help you
izquierda,left
paul,Paul
beber,to drink
deje,leave
finalmente,Finally
simple,simple
daré,I'll give
sabías,You knew
puedas,can
puso,put
creía,He believed.
regresar,to return
llega,arrives
entender,understand
mirar,look
sacar,take
cambiado,changed
trae,Bring
hermoso,handsome
opinión,opinion
verás,you'll see
linda,pretty
apenas,barely
segundos,seconds
cerveza,beer
harás,you will do
estuviera,I was
creen,Creen.
oír,hear
tendría,would have
cuántos,how many
hablado,spoken
hablamos,We speak
reina,Queen
temprano,early
tema,theme
prisión,prison
porqué,because
vuelva,Return
público,public
ocurrió,occurred
veré,I will see
salvar,save
partido,match
bonita,pretty
joder,fuck
causa,cause
caliente,hot
sargento,sergeant
cenar,diner
compañero,partner
llevó,I wear
banco,Bank
existe,exists
ben,Ben.
zona,zone
destino,destiny
base,base
solía,used to
cliente,customer
irse,leave
perra,bitch
james,James
encuentro,meeting
encontró,he found
pelea,Fight
san,saint
norte,North
quise,I wanted
coronel,colonel
apuesto,handsome
peligroso,dangerous
viva,live
max,Max.
vienes,you come
necesitan,Need
té,tea
excepto,except
juicio,judgment
podamos,We can
llave,wrench
equivocado,wrong
posición,position
trasero,rear
irnos,weaken
espalda,back
excelente,Excellent
éxito,success
modos,modes
ventana,window
veamos,let's see
especie,species
teníamos,we had
diferencia,difference
formas,shapes
pedir,ask for
últimos,last.
escúchame,listen to me
ejemplo,example
ése,that
radio,radio
lee,read
calma,Calm down
hogar,home
volveré,I will be back
fondo,bottom
humano,human
henry,Henry
tí,you
iremos,we'll go
unidos,United
habían,They had
jesús,Jesus
planeta,planet
verme,see me
respecto,respect
regreso,Return
debido,due
seré,I will be
tenían,They had
leer,read
parar,stop
lleno,full
dejé,leave
respeto,I respect
debajo,below
harry,Harry.
escribir,to write
estación,station
pidió,requested
alta,high
pista,track
estrella,star
enfermo,ill
duele,it hurt
sueños,Dreams
veremos,we will see
miles,Thousands
darme,give me
órdenes,Orders
ocupado,busy
sigues,are you still
corre,run
podido,I have
dejes,Leaves
nivel,level
habéis,You have
experiencia,experience
darte,to give you
salida,Exit
decirlo,To say it
confiar,trust
hacerte,Make yourself
necesitaba,needed
hermanos,brothers
zapatos,shoes
color,colour
vistazo,glance
nena,Chick
tratar,treat
parecer,seem
juez,judge
próximo,next
paciente,patient
hayas,Hayas
bolsa,bag
arte,art
mary,Mary.
jugando,Playing
llevas,Wearing
alegra,happy
bailar,dance
diablo,Devil
oí,I heard
sepa,sepa
estarás,You will be there
sur,south
banda,band
aprender,learn
precio,price
completo,full
santo,holy
culpable,guilty
ganas,desire
tuvimos,We had
you,You
verla,see.
volvió,went back
libros,books
ojo,eye
serán,will be
cielos,Heavens
matado,killed
azul,blue
diferentes,different
irte,leave
ia,ia.
comandante,commander
acción,action
reglas,rules
obra,construction site
esperanza,hope
cuestión,question
molesta,upset
teniendo,having
bill,Bill.
informe,report
jimmy,Jimmy
río,River
bienvenido,Welcome
abrir,to open
tocar,play
bob,Bob
contar,tell
sigo,I follow
interior,inside
apartamento,apartment
vea,see
estados,state
estáis,Stays
preocupa,worries
tomó,I take
principal,principal
empieza,starts
londres,London
empezó,it started
vayan,go
jim,Jim.
llaman,call.
ojalá,I wish
perdona,sorry
vuelvo,I come back
golpe,knock
quedarme,stay
llamaré,I will call
acabado,finish
estilo,style
nueve,nine
definitivamente,definitely
quedar,stay
cartas,letters
bomba,bomb
guardia,guard
pistola,gun
probar,try
majestad,majesty
traer,bring
marcha,March
pareces,you look like
común,common
aquel,that
hacerle,do
vuelo,flight
nota,note
danny,Danny
humanos,humans
estaremos,we will be
valor,value
suyo,yours
objetivo,objective
repente,Suddenly
debía,should
rojo,Red
bromeando,joking
irá,go to
entrada,entry
doble,double
dejaré,I will leave
evitar,to avoid
máquina,machine
cuello,neck
conocí,I met
tiempos,time
tome,take
nick,nick
animales,animals
alex,Alex.
acaso,perhaps
tuviera,I had
pareja,couple
verano,summer
escuché,listen
ama,AMA.
serás,you will
mentira,lie
tarjeta,card
hagan,do
perdí,I missed
correr,to run
steve,Steve.
traído,brought
llegue,I arrived
preparado,prepared
haberlo,To have it
tony,Tony
usa,uses
intentar,attempt
ayudarme,help me
flores,flowers
dando,giving
vos,you
opción,option
isla,Island
cierra,closing
piel,skin
enemigo,enemy
dejo,left
exacto,exactly
imbécil,fool
jóvenes,youths
pedido,order
larga,long
entiende,understands
justicia,Justice
nuevos,new
obviamente,obviously
despierta,wake up
pido,I ask
calor,hot
luces,lights
refiero,Refero.
fuimos,went
batalla,battle
déjalo,leave it alone
intenta,try
sarah,Sarah
fantástico,fantastic
brazo,arm
absolutamente,absolutely
llena,full
hacerme,do
salga,out
recordar,remind
escapar,escape
bosque,Forest
gay,gay
señores,Sirs
quedan,stay
piernas,legs
visita,visit
parís,Paris
usando,using
ganado,won
movimiento,movement
blanca,White
rico,rich
inocente,innocent
pesar,weigh
absoluto,absolute
vacaciones,holidays
um,Um.
mismos,same.
tomado,taken
habías,You had
planes,plans
cine,cinema
toca,touched.
brillante,shiny
confianza,confidence
vuestra,your
nombres,Names
especialmente,especially
fbi,FBI.
embarazada,pregnant
esperen,Wait
pantalones,pants
defensa,defending
terminó,finished
salido,stepped out
estupendo,great
jane,Jane.
presión,Pressure
inmediatamente,immediately
testigo,witness
deberían,should
olvidado,forgotten
soldados,Soldiers
resulta,result
tommy,Tommy
depende,It depends
motivo,reason
inglés,English
suya,hers
estudio,study
acabar,finish
sentimientos,feelings
tomando,taking
dieron,Given
parecen,they look like
llaves,keys
perros,dogs
propósito,purpose
noticia,News
partir,leaving
vuestro,your
metros,meters
santa,Santa
quedarse,to stay
clientes,customers
podrá,can.
cuántas,how many
ridículo,ridiculous
damas,ladies
estuviste,you were
tranquila,quiet
operación,operation
come,eat
empresa,company
ayúdame,Help me
laboratorio,laboratory
elección,choice
menudo,often
beso,kiss
copa,Cup
conversación,conversation
brazos,arms
espíritu,spirit
dejas,you let
cansado,tired
interesa,interest
refieres,Refieres
casado,married
enorme,enormous
asuntos,affairs
fe,faith
muestra,shows
trampa,trap
ray,Ray.
billy,Billy.
memoria,memory
johnny,Johnny.
contrario,contrary
soldado,soldier
subir,upload
turno,turn
encantaría,Enchantment
preocupado,worried
restaurante,restaurant
saliendo,coming out
escrito,written
cálmate,take it easy
bienvenida,welcome
caer,fall
llevaré,I will take
leche,milk
estrellas,Star
prefiero,I prefer
red,net
viejos,old
solamente,only
oiga,Listen
estén,Estase
cuentas,accounts
taxi,cab
anillo,ring
richard,Richard.
preguntar,to ask
victoria,victory
quiénes,Who is it
héroe,hero
pequeños,little ones
decidido,decided
películas,films
responsable,responsable
trago,drink
volverá,To return to
árbol,tree
ibas,IBAS.
dientes,teeth
encantado,charmed
camión,truck
vender,sell
llame,I called
detente,stop
luchar,to struggle
cabo,cape
ruido,noise
lucha,struggle
muere,go dead
reloj,watch
gato,cat
averiguar,find out
volar,to fly
vayamos,Let's go
tanta,so much
vendrá,will come
corriendo,in a hurry
yendo,going
colegio,school
sonido,sound
caballero,gentleman
pasada,pass
código,code
hagamos,let's do
imagen,image
riesgo,risk
llegamos,we arrived
alguno,any
pan,bread
millón,million
malas,bad
dama,Lady
hielo,ice
coño,cone
cayó,it fell
prensa,press
querer,want
vengan,come
eddie,Eddie.
caminar,walk
televisión,TV
pasará,it will happen
momentos,moments
coger,take
posibilidad,possibility
hubiese,Hadie
mark,Mark
asiento,seat
tuviste,You saw
herido,injured
maría,Maria
seguramente,surely
proyecto,draft
pared,Wall
sentí,I felt
sospechoso,suspicious
naturaleza,nature
ésa,this
silla,chair
perdió,lost
robert,Robert.
policías,police
arreglar,fix
sentado,sitting
papi,Daddy
ideas,Ideas
obtener,get
felices,happily
señoría,lordship
cantidad,amount
bebe,baby
mírame,Look at me
chris,Chris.
papa,dad
llorar,mourn
quedó,It was left
familiar,family
desastre,disaster
locos,crazy
escuche,I listened
quedarte,stay
política,politics
pedí,I ordered
sois,you are
nosotras,we
will,WILL.
enfermedad,disease
encontraron,They found
colega,colleague
príncipe,the prince
verde,green
bajar,go down
nervioso,highly strung
vengo,I come
inspector,inspector
sirve,it serves
puertas,doors
fuerzas,forces
playa,Beach
cantar,to sing
déjeme,Leave me.
velocidad,speed
total,total
cabello,hair
suficientemente,enough
huellas,footprints
haberte,Habering you
debí,owned
unidad,Unit
estan,are
cuchillo,knife
t,T.
oigan,Oigan
quienes,Who
gana,Win
tonterías,silly stuff
emergencia,emergency
perfecta,perfect
hable,I talked
gustaba,I liked
lugares,places
ryan,Ryan.
show,Show
robo,Stole
permite,It allows
parque,Park
uds.,You.
roto,broken
serie,Serie
puse,puseum
nuevas,New ones
evidencia,evidence
conocerte,meet
estúpida,stupid
preocupe,worry
perdone,Sorry
botella,bottle
viento,wind
mando,command
extraña,strange
historias,stories
aquella,that
tenéis,you have
solos,Solos
apoyo,support
bala,bullet
verdadera,true
tiro,threw
época,epoch
puente,bridge
olvídalo,forget it
distancia,distance
desea,desired
dejarlo,Leave it
pelear,quarrel
pierna,leg
echar,throw
descanso,break
américa,America
área,area
orgulloso,proud
datos,data
espectáculo,show
sube,goes up
dejaste,You left
acabas,End.
verá,See.
magia,Magic
nacional,national
universo,universe
llevaba,Wearing
necesitar,need
nariz,nose
aquellos,those
clases,lessons
jake,Jake
casas,houses
vergüenza,shame
estarán,They will be
monstruo,monster
princesa,Princess
autobús,bus
cuidar,look after
ei,Ei
huevos,eggs
pocos,few
podrás,you can
enferma,ill
paseo,walk
detalles,details
llamadas,calls
belleza,beauty
francia,France
abierto,opened
viviendo,living
envió,Shipping
puntos,points
ministro,Minister
conducir,drive
aceptar,to accept
borracho,drunk
animal,animal
caballos,horses
trajo,brought
contrato,contract
viernes,Friday
bobby,Bobby.
martin,Martin
amy,Amy.
bienvenidos,Welcome
ex,former
hechos,facts
sociedad,society
dra.,Dr.
tengan,Have
quede,remains
inglaterra,England
carga,load
diste,you gave
puto,fucking
lleve,I carried
presente,Present
conocía,I knew
uso,use
dedos,fingers
oferta,offer
sentía,I felt
proteger,to protect
daniel,Daniel
date,Date
hiciera,do
hablé,I talked
recibir,receive
agradezco,I appreciate
robar,Steal
enamorado,in love
sepas,Separa.
oeste,West
herida,wound
despacio,slowly
ayude,help
supe,SUPE.
directamente,directly
inmediato,righ now
profesional,professional
oscuro,Dark
mercado,market
cerdo,pork
tardes,afternoon
líder,Leader
grave,serious
llegué,I arrived
jurado,jury
casos,Cases
acuerdas,Remember
ahi,there
desaparecido,missing
debió,he owned
hubieras,You would have
últimamente,lately
piedra,stone
éramos,We were
habló,speak
charles,Charles.
paga,pay
secretos,secrets
digamos,Let's say
intención,intention
humor,humor
dura,hard
dará,give to
seguros,Insurance
leo,Leo.
adam,Adam.
and,and.
ángeles,Angels
querría,I would want
cerrar,to close
conseguido,achievement
peso,weight
víctimas,victims
asesinado,murdered
humana,Humana
directo,direct
central,central
termina,ends
compañeros,companions
escuchado,listened
contento,happy
llevan,They carry
podré,I will be able
oscuridad,darkness
actuar,Act
siga,follow-up
llevado,led
comenzó,started
regresa,came back
privado,private
mirada,look
demonio,Devil
abierta,open
kevin,Kevin
m,M.
llámame,call me
siguen,Follow
romper,to break
cambia,change
fiscal,fiscal
jardín,yard
natural,natural
gratis,free
cuesta,costs
amenaza,threat
pon,put
marca,Mark
comenzar,start
ponte,put
medicina,medicine
podremos,we will can
tomé,take
preciosa,beautiful
sexual,sexual
acceso,access
necesidad,need
dueño,owner
merece,Deserve
rayos,Ray
d,D.
mintiendo,lying
tantas,many
imagino,I imagine
fantasma,ghost
creerlo,Believe it
llamé,I called
ponga,Put.
brian,Brian.
dé,from
pollo,chicken
varios,several
efecto,effect
felicidad,happiness
espada,sword
relaciones,relations
entró,I enter
resultado,Outcome
sombrero,hat
menor,less
recibido,received
negra,black
to,to.
habido,Having
limpio,cleansed
china,China
juegos,games
correo,mail
confía,Reliable
video,video
perfectamente,perfectly
harán,They will do
teatro,theater
dormido,asleep
local,local
quedado,left
lástima,pity
calles,Streets
créeme,trust me
responsabilidad,responsibility
búsqueda,search
dedo,finger
tonta,dumb
recuerdos,regards
razones,reasons
escuchando,listening
eric,Eric.
elegir,choose
amas,amas.
huele,smells
almuerzo,lunch
cien,one hundred
adn,DNA
tantos,ways
pago,payment
normalmente,usually
mr,Mr.
pastel,pie
bastardo,bastard
cinta,headband
pasé,happens
dígame,tell me
anna,Anna.
costa,coast
levántate,Get up
llamando,calling
cerrado,closed
interés,interest
enfermera,nurse
comienzo,start
olvidé,forget
fuese,Fue
militar,military
polvo,dust
bella,pretty
quedo,I remain
kate,Kate.
encontraste,by contrast
voluntad,Will
varias,several
teoría,theory
roja,Redo.
cuento,story
escenario,stage
diario,daily
propiedad,property
agujero,hole
aspecto,appearance
campamento,camp
descansar,rest
matarme,Match
metido,tuckedo.
quiso,quoe.
ángel,Angel
enviar,Send
impresionante,Awesome
proceso,process
intentado,tried.
mio,Own
fuente,source
alcalde,Mayor
ocurrido,occurred
malos,badly
carretera,road
desapareció,He disappeared
desayuno,breakfast
débil,weak
roma,Rome
sabido,well-known
comienza,starts
tambien,too
intentarlo,Try at it
miembro,member
perdiendo,losing
hayan,Hayan
fueras,Four.
resultados,results
jerry,Jerry.
mata,Bush
sr,Mr
valiente,brave
deber,should
pecho,chest
gustó,taste
oyes,hears.
thomas,Thomas.
periódico,Newspaper
mami,Mommy
piensan,Think
washington,Washington
tv,TV
cansada,tired
limpiar,clean up
crear,create
explicar,explain
robado,Stolen
resolver,sort out
maté,mate
guapo,Handsome
continuar,continue
sheriff,Sheriff
funcionar,function
extra,extra
primo,cousin
manejar,handle
primeros,First
acto,act
poniendo,putting up
números,numbers
kilómetros,kilometres
andy,Andy.
llevará,carry
rachel,Rachel.
niñas,Girls
premio,prize
internet,Internet
harías,Would you do?
inútil,Useless
domingo,Sunday
tomas,Tomas.
sensación,sensation
alcohol,alcohol
tercera,third
agentes,agents
disculpas,apologies
antiguo,ancient
guapa,beautiful
asustado,afraid
puedan,can
sexy,sexy
genio,genius
recuperar,get it back
creemos,We believe
lengua,tongue
ladrón,thief
intenté,I tried
examen,exam
deprisa,depreciation
montaña,Mountain
durmiendo,sleeping
disparar,shoot
entrenador,coach
queso,cheese
entero,whole
papeles,papers
pones,Pones
modelo,model
fútbol,soccer
detener,stop
lados,sides
miembros,members
sábado,Saturday
pongo,put
mataron,killed
vuelvas,Vuelve
talento,talent
descubrir,to find out
gordo,Fat
tribunal,court
toque,I touched
wow,Wow.
hables,talks about
conocemos,We know
haberme,have
dispuesto,willing
tamaño,size
dejen,Leave
maravillosa,wonderful
invitado,invited
importantes,important
derechos,Rights
scott,Scott.
declaración,statement
claramente,clearly
pacientes,patients
pérdida,lost
in,IN.
iban,were going
pudiste,You could
profundo,deep
gas,gas
aeropuerto,airport
consigue,get
olvidar,forget
gloria,glory
olvides,forget about
volviendo,getting back
coge,coge.
fué,it was
llamaba,He called
pete,Pete.
tendrán,They will have
instituto,Institute
disparo,Shooting
encuentras,You find
querían,They wanted
hablemos,let's talk
dia,day
enviado,sent
pertenece,belong
sienta,Sit.
pensó,thought
cadáver,corpse
gracia,funny
doctora,doctor
escuchen,listen
amante,lover
temporada,season
kim,Kim
cuerpos,bodies
amigas,friends
larry,Larry.
preguntaba,I asked
francés,French
mataste,Mataste
techo,the ceiling
íbamos,we were going
protección,protection
médicos,doctors.
lisa,Lisa.
venganza,revenge
pensamos,We think
walter,Walter.
contó,counted
discutir,argue
comprendo,understand
idiotas,idiots
enemigos,enemies
camisa,shirt
superior,higher
criminal,criminal
preocupada,worriedly
bote,boat
escribió,wrote
llevamos,we carry
testigos,witnesses
recoger,pick up
emily,Emily.
truco,trick
jason,Jason
original,original
pide,asks
jeff,Jeff
rosa,pink
mama,mother
negros,blacks.
sobrevivir,survive
rostro,face
crédito,credit
compartir,to share
saca,pulls out
irás,you will go
pequeñas,little
veía,I saw
empezando,starting
registro,Registration
continúa,keep going
grandioso,magnificent
viniste,did you come
esquina,corner
contado,counted
tengamos,let's have
cientos,hundreds
tormenta,storm
relájate,just relax
siéntese,sit down
chocolate,chocolate
matt,Matt.
pedazo,piece
tomo,I take
olor,smell
ciencia,science
kelly,Kelly.
conexión,Connection
vieron,They saw
salón,living room
sucio,dirty
firma,firm
vimos,we saw
pidiendo,asking
casarse,get marry
bebida,drink
tercer,third
propios,Own
fuertes,powerful
lluvia,rain
recién,newly
tomaré,I will take
complicado,complicated
europa,Europe
toques,touches.
cámaras,Cameras
visión,vision
llego,arrive
americano,American
diversión,fun
pareció,it seemed
libras,pounds
curso,course
disco,disk
probable,probable
precioso,precious
tenia,had
lago,lake
leído,read
consiguió,got
parecido,similar
material,material
discurso,speech
entera,entire
it,Item
corta,short
completa,complete
decirles,Tell them
lunes,Monday
efectivo,cash
cura,cure
antigua,ancient
hablan,They speak
juntas,Together
william,William
cáncer,Cancer
funeral,funeral
jodido,fucking
dave,Dave
artista,artist
favorito,favorite
guste,Like
cae,falls off
termine,I finished
entrevista,interview
sir,sir
pintura,painting
quieto,still
falso,fake
india,India
corto,short
inteligencia,intelligence
destruir,destroy
cargos,Charges
podías,You could
mentiras,lies
señoras,ladies
helado,ice cream
felicidades,congratulations
camioneta,pickup truck
mueve,Move
aparte,Besides
rock,rock
tumba,grave
seguimos,We continue
hablaba,she spoke
verle,to see
mapa,Map
tarea,task
cambió,change
móvil,mobile
equivocada,wrong
responder,answer
vacío,empty
felicitaciones,Congratulations
computadora,computer
estudiante,student
muriendo,dying
construir,build up
conocen,Know
clara,clear
solución,solution
mundial,world
plato,plate
famoso,famous
des,Des.
dirá,will tell
ambas,both
tecnología,technology
notas,notes
malditos,damn
cabrón,dumbass
condiciones,terms
dudo,I doubt
robó,theft
escucho,I'm listening
laura,Laura
rápidamente,quickly
bordo,board
nieve,snow
mensajes,posts
fecha,date
violencia,violence
n,N.
sujeto,subject
acciones,Actions
fría,cold
droga,drug
saldrá,will come out
suponía,Supposed
empezamos,We started
errores,mistakes
grace,Grace.
siglo,century
molesto,annoying
acabamos,we finish
sabéis,You know
cortar,cut
seria,would
muevas,Move
fortuna,fortune
of,of
imaginar,imagine
archivos,records
presencia,presence
familias,Families
ey,Ey
quedas,stays
solas,Solo.
oficiales,officers
aventura,adventure
gira,tour
social,Social
comunidad,community
annie,Annie.
alan,Alan
cero,zero
clark,Clark
esperamos,we wait
ocupada,busy
muévete,move on
convertido,converted
carl,Carl.
pieza,part
estómago,stomach
disparó,Shooting
legal,legal
conseguí,I got
emma,Emma
carter,sump
california,California
rara,strange
estudiantes,students
reino,kingdom
alegría,joy
barrio,neighborhood
granja,farm
podéis,you can
esfuerzo,effort
trabajaba,I worked
claire,Claire.
perdóname,excuse me
tesoro,treasure
empleo,job
compré,I bought
cirugía,surgery
dejamos,We leave
busco,I search
trabajas,you work
clave,key
aparentemente,apparently
bravo,Bravo
ed,ED.
desearía,I would like
cerrada,closed
new,New.
chicago,Chicago.
controlar,control
pregunté,I asked for
mostrar,show
piloto,pilot
pocas,a few
tuvieron,They had
ayudarle,Help him
bolso,handbag
llorando,crying
kyle,Kyle
duerme,sleep
dejarme,leave me
intentó,try
respirar,to breathe
aparece,appear
campaña,Bell
amistad,friendship
corriente,current
viven,they live
huesos,bones
invitados,Guests
planta,plant
ritmo,rhythm
respuestas,answers
socio,partner
esperas,Expends
caído,fallen
motor,motor
mono,monkey
llevaron,They took
página,page
poquito,a little
u,or
habíamos,We had
encontraremos,We will find
ruego,I beg
dejan,leave
aburrido,bored
paquete,package
casada,married
llevarte,take away
ted,Ted.
combate,combat
útil,Useful
castillo,Castle
bola,ball
canciones,songs
mataré,Mataré.
muchísimo,very much
asistente,assistant
llegaron,They arrived
correcta,Right
pondré,I will put
simon,Simon
comido,Eaten
salgan,leave
empecé,I started
tirar,throw
pasan,pass
cierta,certain
honesto,honest
carro,car
limpia,clean
volví,I returned
confío,trust
venta,sale
huir,run away
apareció,showed up
vais,vais
compromiso,commitment
gustas,Likes.
aseguro,I assure you.
ira,go to
promesa,promise
decírselo,Tell him
cuáles,which
compras,shopping
importancia,importance
lección,lesson
hablaré,I'll talk
hacerse,to be made
personalmente,personally
roger,Roger.
luke,Luke
bolsillo,pocket
enojado,annoyed
desgracia,misfortune
artículo,Article
labios,lips
cola,line
estemos,These
whisky,whiskey
taza,Bowl
despues,later
gary,Gary
preguntarte,ask you
pelota,ball
caminando,walking
andar,walk
crea,creates
chaqueta,jacket
importaría,mind to
den,Den.
llegará,reach
interesado,interested
atrapado,caught
supiera,Supierate
matarlo,kill him.
árboles,trees
obvio,obvious
amaba,Amaba
hablaremos,we will talk
entrenamiento,training
pescado,fish
últimas,latter
pobres,poor
dioses,gods
nerviosa,nervous
vueltas,Returns
encontrarlo,find him
autos,cars
alice,Alice.
preguntarle,ask him
lucy,Lucy.
abrigo,coat
okay,OK
estudiar,to study
b,B.
sonrisa,smile
cobarde,Coward
olvida,forget about
secundaria,high school
descubierto,discovered
convirtió,He became
coches,cars.
venía,came
josh,Josh
charla,chat
vives,do you live
bruja,witch
c,C.
celular,mobile
rose,Rose.
rompió,broke
andando,walking
vean,See.
conseguiste,obtained.
susan,Susan
veinte,twenty
encargo,charge
matarte,Match
palacio,palace
convierte,Convert
ja,JA.
vivos,Live
pasamos,we passed
firme,firm
daría,would give
piense,Think
oigo,I heard
phil,Phil.
sorprende,surprise
alemanes,Germans
milagro,miracle
soportar,put up with
dejaron,They left
smith,Smith
disculpen,excuse me
moda,fashion
despacho,office
vecinos,neighbors
vaso,glass
dejarte,Leave yourself
explosión,explosion
poderes,Powers
regla,rule
acaban,they finished
copia,copy
siguiendo,Following
viajar,to travel
cadena,chain
fábrica,factory
mantiene,maintains
meter,to put
contenta,Contenta.
comiendo,eating
educación,education
maneras,ways
fumar,to smoke
encantador,charming
cuantos,many
homicidio,homicide
madera,wood
mayores,greater
grado,degree
tratamiento,treatment
blancos,White
lord,lord
anterior,previous
comisario,commissar
pizza,Pizza
millas,miles
tira,strip
fueran,Fueran
cumplir,comply
plata,silver
quedará,will remain
quedaré,I will stay
aléjate,get away
decidir,decide
lío,mess
preguntó,I ask
agencia,agency
humanidad,humanity
usado,used
guardias,Guardians
parada,stop
leyes,Laws
funcionó,it worked
odia,hate
levanta,Raise
mires,Looks
respira,breathe
escaleras,ladders
decisiones,decisions
queréis,You want
salvaje,wild
preguntando,asking
pasos,Steps
ambulancia,ambulance
traducción,translation
trabajado,worked up
básicamente,basically
tratado,treaty
parado,stopped
especiales,Specials
mentiroso,liar
libres,Free
servicios,services
pedirle,Ask for him
vivía,she lived
medios,media
compra,purchase
conocimiento,knowledge
armario,wardrobe
lobo,Wolf
quedamos,We are left
ciertamente,certainly
permitir,let
tráfico,traffic
uniforme,uniform
estuvimos,We were there
alemania,Germany
suave,gentle
propias,own
balas,bullets
asqueroso,disgusting
ciento,hundred
invierno,winter
consigo,with him
encuentre,Find
jenny,Jenny
conductor,driver
equipos,equipment
arena,sand
park,Park
licencia,license
tíos,uncles
jackson,Jackson.
dijera,I said
espejo,mirror
marina,Marine
matando,killing
seres,Beings
fiestas,parties
mover,move
coincidencia,coincidence
análisis,analysis
llegando,arriving
azúcar,sugar
tim,Tim.
casar,marry
sótano,basement
volvamos,let's go back
sabrá,will know
taylor,Taylor
ocasión,chance
cheque,check
revisar,check
ponerme,put myself
suceder,happen
acusado,accused
dímelo,tell me
quedé,I was left
conciencia,awareness
doc,Doc
pesadilla,nightmare
sopa,Soup
saltar,jump
heridas,wounded
pienses,Think about
suicidio,suicide
llamarme,call me
posibilidades,possibilities
elegido,chosen one
divorcio,divorce
registros,records
recibí,I received
joey,Joey
escuchas,Listen
mirad,Behold
pierde,misses
abogados,Lawyers
trataba,I was trying
americanos,American people
llevando,wearing
miel,honey
regrese,I am back
dilo,say it
hermanas,Sisters
alemán,German
iría,would go
lady,Lady.
salí,I left
particular,particular
miras,Look at ...
frontera,border
ventaja,advantage
alerta,alert
piscina,pool
regalos,gifts
comportamiento,behaviour
julia,Julia
señales,signs
salimos,we went out
revista,magazine
hecha,Miscellaneous
imágenes,images
llegas,you arrive
rápida,fast
canal,channel
paciencia,patience
sacado,taken out
echo,threw out
crisis,crisis
asesinos,Assassins
oíste,did you hear
dejando,leaving
estarías,You would be
anteriormente,previously
vigilancia,surveillance
desierto,desert
asustada,scared
cuerda,rope
míos,mine
chuck,Chuck.
seguido,Following
seremos,We will be left
morgan,Morgan.
pene,penis
despierto,awake
gobernador,governor
sección,section
casarme,marry
trabajos,works
karen,Karen
preparados,prepared.
murieron,They died
oso,bear
curiosidad,curiosity
vd.,you.
hank,Hank.
impresión,Print
pez,fish
pasaba,I passed
escuchaste,you listened
torre,tower
sientas,feels
mentir,to lie
pasillo,Hall
juega,play
suéltame,Let go
arresto,arrest
ricos,rich
sencillo,simple
ruta,route
documentos,Documents
enamorada,in love
apuesta,bet
perdida,lost
vinieron,came
ayudarnos,help us
presento,presented
hazme,doze
leí,I read
arthur,Arthur.
virus,virus
lárgate,Look at ...
sigan,follow-up
compró,I buy
servir,to serve
pongas,put.
alarma,alarm
identidad,identity
iguales,equal
aviso,notice
aprendido,learned
caza,hunting
daba,Daba
muchacha,girl
permanecer,remain
bebés,babies
opciones,options
responde,answer back
vernos,see us
julie,Julie.
llamaste,called
ponerse,to put on
sacó,coat
orgullo,pride
reales,reais
esperan,are waiting
vuelves,Vuelves
maggie,Maggie.
serlo,serlo
cuantas,how many
enfadado,pissed off
ponen,Put
altura,height
jones,Jones
archivo,file
fred,Fred.
ayudará,help to
fácilmente,easily
criatura,creature
saco,coat
precisamente,precisely
máximo,maximum
viniendo,coming
vendría,I would come
louis,Louis.
ilegal,illegal
refiere,refers
llamamos,We call
versión,version
incendio,fire
preferiría,I'd prefer
gritar,shout out
recibió,He received
concierto,concert
casualidad,chance
excusa,excuse
rodillas,knees
cruz,cross
dulces,sweet
zorra,fox
cómodo,comfortable
cruel,cruel
sofá,sofa
perdiste,you lost
encantadora,lovely
salgamos,let's go out
sombra,shadow
ganó,won
encantada,Haunted
firmar,sign
escritorio,desk
muñeca,wrist
rastro,trail
gigante,giant
pájaro,bird
ducha,shower
tomamos,we take
déjenme,leave me
condición,condition
recompensa,reward
doce,twelve
actor,actor
actitud,attitude
cuida,takes care
salsa,sauce
hubieran,They would have
carlos,Charlie
personaje,character
dudas,Doubts
jackie,Jackie.
cambios,changes
votos,votes
vivido,vivid
perdimos,We lost
suficientes,sufficient
entrega,delivery
comercial,commercial
decidí,I decided
tribu,tribe
pura,pure
volveremos,we will be back
voto,vote
méxico,Mexico
amar,to love
poderoso,powerful
traigo,traigo.
asesinatos,murders
fresco,cool
privada,private
seamos,Seamo
guarda,guard
orgullosa,proud
vivimos,We live
difíciles,difficulty
hagámoslo,Let's do it
jefa,boss
trató,treatment
senador,senator
ayudando,Helping
campeón,champion
bebiendo,Drinking
adorable,lovely
ayudó,helped
ciego,blind
falsa,false
jo,jo.
sara,Sara.
bestia,beast
alteza,high King
deseos,wishes
episodio,episode
celda,cell
llevarlo,carry it
aguanta,hold
vengas,come
jueves,Thursday
montañas,moutains
pensamientos,thoughts
medianoche,midnight
llevarme,take care of
garganta,throat
sesión,session
pensaste,Thought
diles,Dilles.
muera,Die
coma,eat
sentimos,Sorry
creas,Creas.
escribe,writes
identificación,ID
circunstancias,circumstances
preguntado,Asked
veneno,poison
primavera,spring
súper,Super
vuestros,your
queríamos,We wanted
aquello,that
preocuparse,to worry
martes,Tuesday
feo,ugly
cristo,Christ
francisco,Francisco
howard,HOWARD.
virgen,Virgin
distrito,district
decidió,He decided
reputación,reputation
socorro,Help
encontraré,I'll find
castigo,punishment
dígale,Tell him.
límite,limit
junta,Council
ponerte,Put yourself
casados,married
líneas,lines
estudios,studies
muévanse,move
audiencia,audience
helen,Helen.
nació,born
mato,Mato
jugador,player
hmm,Hmm
humo,smoke
popular,popular
nación,nation
conocimos,We met.
tropas,troops
sucediendo,happening
explicación,Explanation
salen,Sale
discúlpeme,excuse me
presentar,present
donna,Donna.
celebrar,celebrate
competencia,competence
envía,Send
mantén,Maintain
verlos,see them
biblioteca,library
fila,row
ésto,this
misterio,mystery
ganador,winner
puerto,port
vehículo,vehicle
escapó,escaped
traeré,I'll bring
julio,July
lograr,achieve
desaparecer,vanish
muero,I die
quítate,Quitate
favorita,favorite
patio,playground
golpeó,hit
tontería,foolishness
miss,Miss
pecado,sin
comité,committee
preparada,prepared
comprado,bought
parezca,it seems
emocionante,exciting
caras,faces
rescate,rescue
título,qualification
llegaste,you arrived
decírtelo,tell you
adivina,guess
elizabeth,Elizabeth.
pánico,panic
barry,Barry.
quieran,Wish
abby,ABBY.
exterior,Exterior
pasión,passion
llegan,arrive.
preparar,set up
guau,Wow
patrick,Patrick.
tierras,land
demostrar,show
elegante,Elegant
asegurarme,Ensure me.
visitar,visit
asegúrate,Make sure
darles,give them
cabezas,Cabezas
abra,Abra.
andrew,Andrew
dean,dean
ambiente,environment
conde,count
urgente,urgent
impuestos,taxes
antonio,Antonio
distinto,different
encantan,Enchantment
ron,Ron
marcas,marks
ayudarlo,Help him.
leyendo,reading
adecuado,suitable
cajas,boxes
abandonar,Leave
dispara,shoot
buscamos,We are looking for
funcionando,running
traté,I tried
cia,Inc
tomen,Take
darnos,give us
intentas,Try
lily,Lily.
gustado,Like it
jamie,Jamie.
luchando,fighting
apesta,stinks
volando,flying
periódicos,newspapers
lucas,Luke
detenido,stopped
curioso,curious
tetas,tits
caro,expensive
asco,disgust
usó,use
buscas,Looking for
amanda,Amanda.
salgo,I'm on my way out
decirnos,Tell us
enseñó,I teach
rick,rick
mírate,look to you
stan,Stan.
debiste,you debited.
océano,ocean
bolas,balls
nuevamente,again
damos,we give
pagado,paid out
federal,federal
cuán,how
escalera,stairs
acepto,I agree
km,Km.
terapia,therapy
lágrimas,tears
terreno,ground
autoridad,authority
encuentran,Find
roca,rock
superficie,surface
cubierta,cover
terry,Terry
hierba,Herb
juan,Juan
prometido,promised
crecer,growing up
mental,mental
extranjero,Foreign
madame,Madame
prometí,promised
mismas,Same
existen,exist
veas,go to S
lento,slow
dirige,direction.
capaces,able
chino,Chinese
vuelvan,Route
meta,goal
suelta,loose
despedida,fired
sucedido,happened
pasta,pasta
cristal,crystal
vegas,Vegas
gritando,Screaming
pare,St.
peces,fishes
brown,Brown.
guardar,save
podían,They could
sabían,They knew
literalmente,literally
salvó,except
aprecio,appreciation
fotografía,Photography
patrón,Pattern
esposas,wives
king,King
desafío,challenge
asombroso,amazing
pedazos,Pieces
robin,Robin.
sales,you go out
clínica,clinic
atrapar,catch
experto,expert
medida,measure
tele,TV
desagradable,unpleasant
custodia,custody
nacido,born
anuncio,ad
física,physical
hollywood,Hollywood
empezado,started
ma,Ma.
fiebre,fever
johnson,Johnson.
compañera,partner
ayudarla,help her
desgraciado,unfortunate
organización,organization
echa,ECHA.
mina,mine
honestamente,honestly
deuda,debt
digan,Say
transporte,transport
cocinar,Cook
delicioso,delicious
podíamos,we could
greg,Greg
dirás,You will say
habilidades,abilities
sentimiento,feeling
pudieras,You could
golpes,hits
nadar,to swim
operaciones,operations
admitir,to admit
templo,temple
adios,bye Bye
maravilla,Wonderful
quita,remove
mate,mate
piano,piano
bombas,pumps
paredes,walls
pantalla,screen
italia,Italy
pusieron,They put on
sally,Sally
amén,Amen
mac,Mac.
civil,civil
fantasmas,Ghosts
gasolina,gasoline
sabia,I knew
tyler,Tyler
judíos,Jews
s.,s.
tripulación,crew
pagan,Pagan
arrestado,arrested
extraños,strangers
canta,sings
texas,Texas
estando,Standing
flor,flower
ricky,Ricky
usan,Usan
cruzar,Cross
esperemos,let's hope
guía,guide
preocuparte,worry
enseñar,to teach
irán,Iran
conferencia,conference
miro,I look
habitaciones,bedrooms
galletas,biscuits
hablarle,talk about
delito,crime
atacar,attack
objeto,object
disparos,shots
museo,Museum
ruedas,wheels
recientemente,Recently
huevo,egg
violación,violation
regresó,Return
sufrir,suffer
tina,tub
terminamos,finished
disponible,available
rica,delicious
habilidad,ability
práctica,practice
acabe,Finish
amado,loved
haberle,Haber
volvemos,we return
tendrías,You would have
maestra,teacher
city,CITY.
pastillas,tablets
aprendí,I learned
cable,cable
nacimiento,birth
consciente,aware
alcance,scope
evento,event
alquiler,rental
ordenador,computer
incidente,incident
huh,Huh
escribí,I wrote
estuvieron,They were
intentaré,I will try
pensamiento,thought
metió,I met
maleta,bag
condado,county
piezas,parts
ladrones,thieves
metro,subway
kilos,kilos.
recuerde,Remember
español,Spanish
motivos,reasons
explica,Explain
renunciar,give up
actuación,performance
refugio,refuge
harto,Fed up
reacción,reaction
paliza,beating
chef,Chef
ocurra,occurrence
marty,Marty.
l,L.
entrado,entered
quitar,remove
amanecer,dawn
molly,Molly
corazones,hearts
rumores,rumors
llames,calls.
celoso,jealous
utilizar,use
territorio,territory
olvide,forgot
prácticamente,practically
disfrutar,to enjoy
intentaba,Try
vecino,neighbour
pública,Public
collar,necklace
golf,Golf
betty,Betty.
marco,frame
cercano,near
fondos,money
ross,Ross.
bruce,Bruce
montar,mount
salvado,saved
grados,degrees
dylan,Dylan.
moto,motorcycle
instrucciones,instructions
treinta,thirty
gordon,Gordon.
adonde,where to
hablarte,talk to you
jesse,Jesse
emperador,emperor
cigarrillo,cigarette
cuéntame,tell me
do,do
secreta,secret
haberse,have
hitler,Hitler
anne,Anne.
mortal,mortal
ronda,round
cuídate,Beware
metal,metal
puro,pure
cierre,closing
colores,colors
eva,Eve
rusia,Russia
botón,button
hijas,daughters
tenerlo,have it
tono,tone
espía,spy
empleados,employees
conduce,she drives
detalle,detail
estuvieras,You were there
oliver,Oliver
rusos,Russians
déjala,leave her
crema,cream
roy,ROY.
contesta,answers
casarte,marry
manda,Manda.
dias,days
prisioneros,prisoners
echado,lying
trajiste,trajiste
charlotte,Charlotte.
flota,fleet
marie,Marie
criminales,Criminals
mmm,mmm
platos,dishes
crímenes,crimes
cometido,task
golpear,beat
igualmente,you too
dispararon,They shot
dejará,will leave
tontos,Fools
sabría,would know
abran,Open
ayudante,assistant
cultura,culture
revolución,revolution
hombro,shoulder
botas,boots
adoro,I like
olvidó,I forget
biblia,Bible
saludos,Cheers
katie,Katie.
deme,give me
adultos,Adults
sitios,Sites
serpiente,snake
parker,Parker.
nathan,Nathan.
romántico,Romantic
posiblemente,possibly
adivinar,guess
peores,worst
buscan,looking for
enfrente,in front
restos,remains
capacidad,capacity
aliento,breath
placa,license plate
rata,rat
áfrica,Africa
entendí,I understood
metas,goals
cuadro,picture
afortunado,lucky
puestos,posts
japón,Japan
división,division
subtítulos,Subtitle
entradas,tickets
bicicleta,bike
vuestras,your
pesado,heavy
sugiero,suggesto.
calla,shut up
espacial,space
st,St.
ventanas,Windows
mejorar,to get better
concurso,competition
comisaría,Police station
sincero,sincere
centavos,cents
naturalmente,naturally
deseas,you want
pasara,it will happen
jay,Jay.
esperado,expected
ocurrir,occur
pondrá,will
recursos,means
raza,race
muestras,Samples
personales,personnel
wilson,Wilson.
imaginación,imagination
volverás,you will come back
ceremonia,ceremony
almacén,stock
sabor,flavor
sentarse,sit down
on,ON.
unión,Union
frankie,Frankie.
reserva,reservation
españa,Spain
encanto,charm
aviones,planes
calidad,quality
escondido,hidden
citas,quotes
aceite,oil
pusiste,pusiste
querrá,will want
punta,tip
cinturón,belt
podrán,will be able
cuales,which
chiste,joke
consecuencias,consequences
sinceramente,to be honest
lewis,Lewis
hablaste,You talked about
vaca,cow
investigando,doing research
vuelven,Voucher
chloe,Chloe.
prisionero,prisoner
investigar,investigate
apellido,last name
actual,current
despertar,wake
instante,instant
vincent,Vincent
ud,You
morirá,You will die
sacaste,You took off.
justin,Justin
traiga,Bring
sentada,sitting
mueva,Move.
jordan,Jordan
terminé,I finished
emociones,emotions
dormitorio,bedroom
pulso,pulse
atreves,domestos.
frase,sentence
partida,departure
sabíamos,We knew
parezco,I look like
excelencia,excellence
despedido,fired
moral,moral
asalto,assault
decente,decent
informes,reports
asusta,scare
trabajan,they work
my,MY.
doug,Doug.
poca,little
pasaría,It would happen
médica,medical.
combustible,fuel
discusión,discussion
verán,Verán.
ciertas,Certain
pata,paw
jean,Jean
antiguos,ancient
requiere,requires
cogido,caught
comunicación,communication
manzana,Apple
sed,thirst
tio,uncle
joyas,jewels
cojones,balls
noble,noble
ee.uu.,USA.
trabajamos,we work
pediste,you asked for
encontrarla,Find it
piedras,stones
traidor,traitor
gané,I win
letra,lyrics
conseguimos,We got
vía,via
sacerdote,priest
efectos,effects
resistencia,endurance
arroz,rice
arreglado,fixed up
tarjetas,Cards
descubrió,discovered
desconocido,unknown
mínimo,minimum
disparado,fired
boston,boston
entienden,they understand
bandera,flag
llamarte,call you
plaza,square
entrando,entering
tomará,it will take
visitas,visits
cooper,Cooper.
demasiada,Too much
faltan,missing
planeado,planned
imperio,empire
esperaré,I will wait
enfadada,angry
levantar,lift up
cartera,purse
jeremy,Jeremy
importar,to import
depósito,Deposit
colegas,colleagues
periodista,journalist
comprobar,check
funcione,FUNCTION.
nina,girl
mereces,mereces
forense,forensic
tensión,tension
involucrado,involved
vacía,empty
abandonado,abandoned
vídeo,video
ruso,Russian
círculo,circle
judío,Jewish
cole,cole
gritos,Screams
carol,Carol.
empecemos,let us begin
resultó,turned out
campos,Fields
váyanse,Váyanse
escribiendo,writing
divertida,fun
pasen,pass
pinta,Pinta
supo,he knew
ascensor,lift
quedarnos,to stay
matará,will kill
aparecer,Appear
helicóptero,helicopter
actuando,acting
ooh,ooh
pasas,raisins
apúrate,hurry up
big,Big.
entregar,deliver
escape,escape
indios,Indians
limpieza,cleaning
rebecca,Rebecca
querrás,you will want
hueso,bone
jessica,Jessica
magnífico,magnificent
trabajadores,Workers
caída,drop
temperatura,temperature
habia,there were
dejaría,I would leave
encontrará,will find
ejercicio,exercise
lealtad,loyalty
alas,at
pasaron,Passion
invitación,invitation
diamantes,Diamonds
unidades,units
miller,Miller.
enojada,annoyed
decimos,We say
leyenda,legend
gilipollas,douchebag
tomaste,do you drink tea
paraíso,paradise
gatos,Cats
costumbre,custom
podria,could
cabaña,cabin
secretaria,Secretary
lentamente,slowly
ensayo,test
pagó,payment
familiares,Family
gimnasio,Gym
negativo,negative
lenguaje,language
pájaros,Birds.
presenta,presentment
quedes,you have left
garaje,garage
palo,stick
león,Lion
oídos,ears
dick,dick
espaldas,Back
apuestas,bets
científico,scientific
incluyendo,Including
pelotas,balls
actividad,exercise
dragón,dragon
necesite,Need
intentamos,We try
aguantar,put up with
davis,Davis
primeras,First
generación,generation
sexuales,sexual
apetece,apetece
grupos,Groups
capital,capital
dejemos,Let's leave
habrías,You would have
máquinas,Machines
barato,cheap
monsieur,Monsieur
sistemas,Systems
fingir,pretend
pensarlo,think about it
miércoles,Wednesday
escritor,Writer
solitario,lonely
recibo,receipt
conocerlo,know him
pudimos,we could
convertirse,become
almas,Souls
salto,jump
sonar,Dream
publicidad,advertising
russell,Russell
temporal,temporary
antecedentes,background
probado,tried
todd,Todd.
kenny,Kenny.
llamaron,They called
atractivo,attractive
váyase,Go away
barra,bar
aniversario,anniversary
intereses,interests
madres,mothers
deba,Deba
imagina,Imagine
niñera,baby sister
movimientos,Movements
quince,fifteen
holmes,Holmes.
muro,Wall
recibe,receives
luce,Luce.
nací,I was born
prima,cousin
cubierto,covered
contando,Counting
reír,to laugh
producto,product
daños,damage
abrazo,hug
gafas,glasses
arreglarlo,fix it
sobrino,nephew
man,Man.
demanda,demand
elecciones,elections
construcción,construction
ayudaré,I'll help
buscado,wanted
criaturas,Creatures
dejarla,Leave it
internacional,international
perfil,profile
trozo,piece
actriz,actress
repito,I repeat
bendiga,bless
pistas,tracks
whoa,Whoa.
vecindario,neighborhood
hannah,Hannah
marcus,Marcus.
ataques,Attacks
razonable,reasonable
vende,sell
gerente,manager
sensible,sensitive
ríe,Laugh
izquierdo,left
personalidad,personality
camina,Walk
traes,trained
tuvieras,You had
albert,Albert.
conté,Conté
preparando,preparing
secretario,secretary
rueda,wheel
sorprendido,Surprised
profundamente,deeply
conoció,He met
grano,grain
pagaré,I will pay
límites,limits
moneda,currency
super,Super
piedad,piety
militares,military
seguía,Following
tocado,touched
ciudadanos,Citizens
creado,created
temas,topics
acepta,you accept
encerrado,locked
opinas,OPINIONS.
empiezo,start
borde,edge
llevarla,take it
barcos,boats
toby,Toby.
pudieron,could
tocando,playing
harvey,Harvey.
profesora,professor
dejame,let me
expresión,expression
asesinada,murdered
escándalo,scandal
nervios,nerves
ios,os.
randy,Randy.
emoción,emotion
blake,Blake
catherine,Catherine.
oficialmente,officially
perdedor,loser
margaret,Margaret.
sienten,Feel
rumbo,course
valle,Valley
ian,Ian.
x,X.
viejas,Old
buscaba,I was looking for
científicos,scientists
gorda,fat woman
juventud,youth
hayamos,We have
preocupación,worry
desnudo,naked
guión,screenplay
grant,Grant.
envié,Send.
señoritas,ladies
carreras,careers
tratas,You try
sucia,dirty
sophie,Sophie
ratas,rats
mayo,May
tirado,Shot
heroína,heroin
háblame,tell me
contestar,answer
caos,chaos
alternativa,alternative
estupidez,stupidity
derek,Derek.
sorprendente,surprising
pedirte,ask for
principios,beginning
egoísta,selfish
mostraré,I'll show
sentarme,sit down
verdaderamente,truly
enhorabuena,Congratulations
casey,Casey
peligrosa,dangerous
ánimo,cheer up
viajes,travels
lujo,luxury
mia,mine
cantando,singing
religión,religion
nate,Nate
risas,laughter
despejado,clear
miserable,miserable
hierro,iron
corona,Crown
wayne,Wayne
serías,You would be
dispositivo,device
mencionar,to mention
brad,Brad.
mencionó,He mentioned
inmunidad,immunity
grabación,recording
producción,production
nuclear,nuclear
clima,climate
puesta,put
buscarlo,Search it
carácter,character
prostituta,prostitute
llamarlo,call him
steven,Steven
máscara,mask
alegre,happy
comprender,understand
volviste,returned
cambiando,Changing
alianza,alliance
encontrarás,you'll find
positivo,positive
siglos,centuries
serían,would
desafortunadamente,Unfortunately
guitarra,guitar
hacían,They did
estrategia,strategy
entré,Come in
vinimos,We came
frecuencia,frequency
poli,cop
that,that.
elena,Elena
discúlpame,forgive me
llevé,I carried
vince,Vince
prohibido,forbidden
caray,Wow
arruinar,to ruin
masa,mass
existencia,existence
túnel,tunnel
bromas,jokes
evitarlo,Avoid it
industria,industry
trasera,rear
monstruos,Monsters
mete,mete.
conseguiré,I will get
inocentes,Innocents
colección,collection
empleado,employee
fatal,fatal
stephen,Stephen
olivia,Olivia.
intente,try
expediente,proceedings
nancy,Nancy.
putas,whores
jess,jess.
petición,petition
ayudado,helped
lou,Lou.
presentación,presentation
beth,Beth
vendido,sold
cerebral,cerebral
coraje,courage
adulto,adult
rubia,blonde
mandar,send
pierdes,you lose
gano,won
almorzar,to have lunch
caridad,charity
oscar,Oscar
sepan,Sepan.
llegada,arrival
capítulo,chapter
disculparme,apologize
viniera,Viniera.
gastos,expenses
sentirse,feel
entren,Come in
quédese,Stay
tarta,cake
volvería,I would go back.
jersey,sweater
mataría,Mataría
breve,brief
obras,plays
acero,steel
llévame,ride me
street,Street.
suceda,happening
cigarrillos,cigarettes
funcionará,it will work
alicia,Alicia
haberla,Haber
camarada,comrade
confesión,confession
dijimos,we said
coartada,alibi
desnuda,naked
payaso,clown
rayo,lightning
guay,Guay.
naves,ships
americana,americana.
político,political
diseño,design
condenado,condemned
convencido,convinced
edward,Edward.
policia,police
italiano,Italian
pedro,Pedro
mm,MM.
camiseta,T shirt
vendrán,They will come
extrañas,foreign
impacto,impact
equipaje,Baggage
lois,Lois.
sufrimiento,suffering
salieron,They left
mantente,Stay
sabiendo,Knowing
maten,Morte.
adolescente,Teen
soltero,single
descubrí,I discovered
tranquilos,quiet
influencia,influence
oxígeno,oxygen
experimento,experiment
absurdo,absurd
algun,some
habrían,They would have
ponerle,put on
empiece,Empiece.
devolver,return
propuesta,proposal
tómalo,take it
michelle,Michelle
abrió,Opened
plantas,plants
cantante,singer
traición,treason
cementerio,graveyard
florida,Florida
pozo,water well
patrulla,patrol
brandon,Brandon
planeando,planning
ann,Ann.
tragedia,tragedy
ethan,Ethan.
miami,Miami
autoridades,authorities
trate,Treat
procedimiento,process
fantasía,fantasy
billetes,Banknotes
ganamos,we won
secuestro,kidnapping
sabrás,You will know
prestado,borrowed.
bodas,wedding
béisbol,baseball
ciudades,cities
conejo,rabbit
pregúntale,ask her
billete,ticket
esperanzas,hopes
díselo,tell her
significado,meaning
mueren,Die
shawn,Shawn.
cincuenta,fifty
jugadores,players
web,Web
apropiado,appropriate
robot,robot
considerado,considered
alcanzar,reach
patatas,potatoes
mantenga,keep up
continuación,continuation
tradición,tradition
países,Countries
ocultar,hide
tendríamos,We would have
electricidad,electricity
bebidas,drinks
siguió,Followed
reto,challenge
aldea,village
robaron,Robed
aguas,Agua.
caminos,roads
ellen,ELLEN.
permitido,permitted
alli,there
cima,top
éi,Éi.
risa,laughter
cumplido,compliment
objetos,objects
decide,decide
pregunte,I asked for
once,eleven
matan,Matan
terrorista,terrorist
tomes,Tomes
términos,Terms
reyes,Kings
revés,reverse
explotar,exploit
maletas,suitcases
nubes,clouds
circo,circus
darse,do
west,West.
prometiste,promised
tanque,tank
uñas,some
encargaré,I will order
terroristas,terrorists
estúpidos,stupid
héroes,heroes
salta,Salta.
daremos,We will give
agradecido,grateful
victor,Victor
terror,terror
keith,Keith
sacrificio,sacrifice
destrucción,destruction
teddy,Teddy.
texto,text
peleas,Fights
liga,league
martha,Martha.
ana,Ana
enviaré,I will send.
teléfonos,phones
porno,for not
diera,died
oscura,dark
tuyos,yours
olvido,I forget
queridos,dear ones
colina,hill
bromeas,jokes
sano,healthy
únicos,unique
musical,musical
pastor,Shepherd
ponerlo,Put it
naranja,Orange
batería,battery
trabajó,job
reuniones,Meetings
sue,Sue.
figura,figure
jesucristo,Jesus Christ
funcionan,do they work
voces,voices
caroline,Caroline.
jacob,Jacob
caramba,Caramba
callejón,alley
técnica,technique
marshall,Marshall.
refería,referral
notado,noted
maquillaje,makeup
lanzar,throw
cadáveres,corpses
atacó,Attack
vendiendo,selling
bailando,dancing
tenerte,to have you
cubrir,cover
liz,Liz.
policial,police
fase,phase
gus,GUS.
joseph,Joseph
importaba,Imported
armada,navy
fea,ugly
porquería,filth
mickey,Mickey.
superar,overcome
disfruta,enjoy
sueldo,salary
abiertos,open
piénsalo,think about it
testimonio,testimony
incómodo,uncomfortable
oyó,or me
costado,side stand
apaga,turns off
considerando,considering
bolsas,bags
seguiré,I will continue
imaginé,I imagined
detenerlo,Stop it
diana,Diana
pasaporte,passport
infancia,childhood
suele,usually
productos,products
rocas,Rocks
reverendo,reverend
mediodía,noon
golpeado,beaten
destruido,destroyed
reconozco,I recognize
plástico,plastic
young,Young
barba,beard
mago,Wizard
hojas,leaves
conocerla,know her
hallar,find
mantequilla,Butter
lidiar,Lidiar
sentencia,judgment
ideal,ideal
dámelo,give it to me
mandó,command
residencia,home
francamente,frankly
guerrero,Warrior
ayudo,helped
sigamos,let's keep going
jennifer,Jennifer
engañar,scam
baje,Baje.
contaré,I will tell
guantes,gloves
rompe,break
conociste,you met
hoja,leaf
decían,they were saying
recepción,reception
logrado,accomplished
odias,hate
comisión,commission
vampiro,vampire
finales,finals
sufrido,suffered
azules,blue
usarlo,Use it
cometer,commit
descansa,rest well
peleando,Fighting
docena,dozen
estaríamos,We would be
sera,it will be
lanza,spear
averiguarlo,Find out
lanzamiento,launching
moverse,move
ho,Ho.
falla,failure
angela,Angela
técnicamente,technically
dejara,leave
medias,tights
míralo,Look
físico,physical
hacerla,do it
multitud,crowd
potencial,potential
hacías,you did
famosa,famous
rutina,routine
oportunidades,opportunities
progreso,progress
fascinante,fascinating
ensalada,salad
cómoda,comfortable
prepara,prepare
tráeme,bring to me
equivocas,mistakes
tubo,tube
owen,Owen
sacarlo,remove it
is,IS.
usas,USAS.
letras,letters
dennis,Dennis
demasiados,too many
éstas,are
interrumpir,interrupt
representa,It represents
socios,Partners
pecados,Sin
novela,novel
herramientas,tools
desaparece,disappear
apostar,to bet
ó,or
septiembre,September
vestidos,dresses
festival,festival
franceses,French
queria,wanted
gustar,like
auxilio,help
éstos,these
fracaso,failure
berlín,Berlin
cañón,Canyon
llegaremos,we will arrive
empezaron,Beginning
spencer,Spencer
fíjate,notice
votar,vote
merezco,I deserve
infantil,childish
estacionamiento,parking lot
asesina,murderess
sentarte,searte
mintió,Mint
grita,shouts
ofrecer,to offer
ruth,ruth
esclavos,slaves
academia,academy
probarlo,Try it
viuda,widow
reporte,report
monedas,coins.
rob,Rob
advertencia,warning
jugo,juice
malcolm,Malcolm
pico,beak
miré,Look
rota,broken
sociales,social
amarillo,yellow
encargado,duty manager
so,SW
listas,lists.
as,ace
poderosa,powerful
prometió,promised
drama,drama
confundido,confused
olvídate,forget
normales,normal
inconsciente,unconscious
asegurar,insure
estadounidense,U.S
locales,local
informado,informed
resuelto,resolved
cueva,cave
conduciendo,Driving
perdidos,lost
escuchó,I'm listening
patético,pathetic
abril,April
matemáticas,math
eliminar,remove
venid,come
hicieras,did
causar,cause
demasiadas,Too many
vigilando,vigilando.
función,function
solar,solar
encontrarme,Find me.
williams,Williams
dólar,dollar
trucos,Tricks
h,H.
lectura,reading
camarero,waiter
toman,they take
regresaré,I'll be back
tiendas,stores
encontremos,let's find
dimos,DIMO.
cabina,cabin
deporte,sport
virginia,Virginia
fuga,leakage
holly,Holly.
sospechosos,Suspicious
jonathan,Jonathan.
ala,to
champán,champagne
quedaba,It was left
viera,Viera.
formar,to form
walker,Walker.
detectives,detectives
entenderlo,understand it
orejas,ears
obligado,obliged
testamento,will
extremadamente,extremely
creyó,He believed
darán,Darán.
materia,matter
detuvo,Deturbo.
casco,helmet
sabremos,We will know
agenda,schedule
rosas,Rosas
aceptado,accepted
bello,beautiful
fabuloso,fabulous
llores,LLORES
arruinado,ruined
enterado,Allowed.
junio,June
baila,Baila
artistas,Artists
realizar,perform
hechizo,spell
respiración,breathing
extremo,extreme
historial,record
pongan,Put.
yeah,Yeah
próximos,upcoming
extraordinario,extraordinary
tigre,Tiger
fianza,bail
consejos,advice
mostrarte,show you
doctores,doctors
auténtico,authentic
usamos,We use
romance,Romance
miente,lies
matthew,Matthew.
importan,Import
paren,paren
indio,Indian
increíblemente,incredibly
pierdo,I lose
llevaremos,We will take
ví,saw
ofrece,offers
seco,dried
willie,Willie.
quinn,Quinn.
sagrado,sacred
monte,mountain
paris,Paris
discos,discs
louise,Louise.
carrie,carrie
juguetes,toys
cerdos,pigs
enteré,I found out
escapado,I escaped
matarla,kill her.
casó,case
ali,Ali.
salgas,come out
pasajeros,passengers
debilidad,soft spot
civiles,civilian
corbata,tie
dispuesta,disposed
necesitaré,I will need
cuartel,barracks
cazar,hunt
robando,stealing
convencer,convince
rollo,roll
pescar,to fish
mezcla,mixture
parejas,Couples
condicional,conditional
giro,turn
bonitas,Nice.
necesites,You need
molestar,bother
amantes,lovers
gris,Gray
zoe,Zoe.
pedimos,We ask for
refuerzos,reinforcement
josé,Joseph
colgar,hang up
heridos,wounded
arreglo,arrangement
plazo,term
harold,Harold.
salvajes,wild
elliot,Elliot.
fotografías,Photographs
sintió,He felt
hermosas,beautiful
ashley,Ashley.
convertir,turn into
contarle,Tell him
retiro,retirement
francis,Francis
gravedad,gravity
importe,amount
lata,can
enseñaré,I will teach
velas,candles
suyos,his
símbolo,symbol
reconocimiento,recognition
típico,typical
ayudas,Aids
regresado,returned
conducta,conduct
lane,lane
ken,Ken.
am,A.M
participar,take part
lana,wool
shane,Shane
hacernos,Make us
tratan,Treat
vendedor,seller
federales,Federal
pudiéramos,We could
diane,Diane
estrés,stress
césar,cease
soltera,single
gustará,It will like it
em,Em.
brujas,Bruges
horario,schedule
recuerden,Remember
identificar,identify
hill,Hill.
alfombra,carpet
perdóneme,excuse me
actores,actors
atractiva,attractive
permítame,let me
desperté,I woke up
salía,It came out
recibiendo,receiving
preciso,precise
comprendes,Include
white,White.
altos,High
fan,fan
papas,potato
anciano,old man
profunda,deep
petróleo,Petroleum
intenciones,intentions
francesa,French
neil,Neil.
jin,Jin.
rango,rank
sombras,shades
malvado,evil
defender,defend
lleguemos,Let's get there
suba,rose
jaula,cage
watson,Watson.
natalie,Natalie.
comentarios,comments
dosis,dose
cartel,poster
disparen,shoot
esperad,wait
cargar,carry
enviaron,They sent
jodida,fucked
seguí,I continued
aproximadamente,approximately
postre,dessert
escala,scale
estudiando,studying
pavo,Turkey
origen,origin
considerar,to consider
fiel,faithful
diego,Diego
embajador,ambassador
tatuaje,tattoo
población,population
harris,Harris
comes,you eat
llamen,call
horribles,horrible
vampiros,Vampires
dormida,asleep.
niveles,levels
largas,long
pandilla,gang
agrada,liking
traigan,Traigan.
onda,wave
atrapados,caught up
duque,duke
bajas,low
dejaremos,We will leave
b.,b.
trono,throne
canto,singing
aumento,increase
esconder,hide
políticos,politicians
muertes,deaths
anthony,Anthony
pensabas,thought of
saqué,saqué.
taller,workshop
fantástica,fantastic
practicar,practice
asientos,seating
armado,armed
gibbs,Gibbs.
habrán,will have
considera,considers
atender,attend
ponemos,We put on
we,We.
consigues,canteen
sentados,Sitting
costó,cost
soñando,dreaming
stanley,Stanley
creó,I think
ayúdenme,help me
juzgado,court
hablarme,Talk to me
janet,Janet
bebido,drunk
pierdas,loss
ponlo,Ponlo
gallina,chicken
miguel,Miguel
octubre,October
sentirme,feel
riesgos,risks
dificil,hard
besar,kiss
lavar,to wash
sacarte,take off
cuyo,whose
cayendo,falling down
emocional,emotional
prometida,fiancee
molestia,inconvenience
christine,christine
consiga,Get
huella,paw print
agarra,Grab
karl,Karl.
condena,sentence
decírmelo,Tell me about it
cafetería,coffee shop
honesta,Honesta
tómate,tomato
pablo,Pablo
medidas,measures
ofreció,Offered
dió,it gave
quizas,maybe
celosa,jealous
instinto,instinct
bancos,banks
mías,mine
emocionado,excited
juguete,toy
villa,town
conocida,well-known
servirá,will serve
norman,Norman
centavo,penny
lincoln,Lincoln.
connor,Connor.
potencia,power
unido,United
julian,Julian
copias,do you copy
receta,recipe
interesada,interested
seguirá,will follow
oírme,hear
normas,rules
cocaína,cocaine
encontrarte,find you
cambie,change
asesinó,assassin
huyendo,running away
marihuana,Marijuana.
entramos,we enter
congreso,congress
capa,cap
tocó,Touched.
mágico,magical
beneficios,Benefits
aburrida,bored
invito,Invite
período,period
corredor,runner
marte,Mars
ayudaría,would help
cortado,chopped up
mentiste,you lied
olvidaste,Forgotten.
nieto,grandson
odiaba,I hated
fraude,fraud
zapato,shoe
mantenerlo,keep it
liam,Liam.
tiró,threw
sector,sector
conseguirlo,to get it
furgoneta,van
causado,caused.
beneficio,benefit
querrías,I wanted to
graduación,graduation
alejado,remote
junior,junior
complejo,complex
miraba,Look
patas,legs
columna,column
empieces,Empieces.
bienes,goods
quisieras,you would like
clásico,classic
saque,Remove
oírlo,hear it
hígado,liver
robaste,Stolen.
decías,Saids
all,All.
lleven,LOST.
trabajé,I worked
muebles,furniture
actos,Acts
células,cells
presa,dam
hubiéramos,We would have
travis,travis
joan,Joan
páginas,pages
raymond,Raymond
llenar,fill in
riley,Riley.
cambian,change
sonríe,smile
moscú,Moscow
ordenó,Ordated
go,Go.
motel,motel
venimos,we come
cuente,Count
a.,to.
preguntes,Ask
mentido,lying
decidimos,we decided to
house,House
alimentos,food
actúa,Act.
prefieres,Prefer
mason,mason
presupuesto,budget
prepárate,Prepare
ubicación,Location
etapa,stage
olvidaré,I will forget
trajes,suits